Time,Temperature (°F) MAX,Temperature (°F) AVG,Temperature (°F) MIN,Dew Point (°F) MAX,Dew Point (°F) AVG,Dew Point (°F) MIN,Humidity (%) MAX,Humidity (%) AVG,Humidity (%) MIN,Wind Speed (mph) MAX,Wind Speed (mph) AVG,Wind Speed (mph) MIN,Pressure (in) MAX,Pressure (in) AVG,Pressure (in) MIN,Precipitation
2021/01/01,69,59,48,30,22.9,18,50,26.5,15,14,7,0,29.4,29.3,29.2,0
2021/01/02,64,53,43,47,36.3,28,80,55.1,28,8,2.2,0,29.4,29.4,29.4,0
2021/01/03,61,50.1,45,48,44.7,41,97,83.3,50,7,2.3,0,29.4,29.4,29.3,0
2021/01/04,64,52.4,43,49,43.8,38,86,74,48,8,2,0,29.4,29.3,29.3,0
2021/01/05,67,52.5,42,48,43.4,39,90,73.2,42,9,2.8,0,29.3,29.3,29.2,0
2021/01/06,73,57.6,47,43,32.7,24,74,42,20,9,2.7,0,29.3,29.3,29.2,0
2021/01/07,75,57.2,44,39,28,16,58,37.1,11,7,2.5,0,29.3,29.2,29.2,0
2021/01/08,73,59.2,47,40,27.6,10,50,32.1,11,21,5.2,0,29.3,29.3,29.2,0
2021/01/09,73,62.8,52,37,25.3,8,39,25.6,11,21,5.5,0,29.3,29.2,29.2,0
2021/01/10,70,56,45,27,21.5,16,44,28.5,14,9,3.2,0,29.4,29.3,29.3,0
2021/01/11,72,56.5,44,29,24.3,20,49,31.6,14,7,2.6,0,29.4,29.3,29.3,0
2021/01/12,70,56.3,43,30,24.9,17,53,32.9,13,7,2.1,0,29.4,29.4,29.4,0
2021/01/13,75,59.1,47,31,26,18,44,30.6,12,8,2.5,0,29.4,29.4,29.3,0
2021/01/14,86,70,52,40,27.1,13,45,23.2,9,20,4.8,0,29.4,29.3,29.3,0
2021/01/15,89,76.5,62,30,19.5,7,24,12.9,5,17,6.7,0,29.3,29.3,29.2,0
2021/01/16,86,71.2,58,34,23.3,16,35,18.3,9,8,2.5,0,29.2,29.1,29.1,0
2021/01/17,84,67.6,55,30,24.3,18,35,21.9,9,9,2.8,0,29.2,29.1,29.1,0
2021/01/18,80,62,49,53,33.8,21,93,43.7,12,12,4.8,0,29.1,29,28.9,0
2021/01/19,66,58.9,51,48,30.2,11,86,44.4,12,28,13.7,0,29.1,28.9,28.9,0
2021/01/20,75,65.8,57,37,31.1,21,46,28.4,19,22,7.9,0,29.2,29.1,29.1,0
2021/01/21,70,59.7,52,41,38.3,37,61,46.4,31,9,3.6,0,29.2,29.2,29.1,0
2021/01/22,61,53.8,48,48,43.5,38,83,68.4,56,15,7.8,0,29.2,29.1,29.1,0
2021/01/23,52,47.5,45,45,42.1,38,93,81.8,63,12,4,0,29.1,29.1,29,0.01
2021/01/24,57,48.4,40,43,39.9,36,93,74.1,45,13,4.2,0,29.1,29,29,1.09
2021/01/25,53,46.5,40,42,32.2,22,86,59.9,30,22,8.7,0,29,28.9,28.8,0.11
2021/01/26,54,46.4,38,32,25.9,19,68,46.8,26,12,6.5,0,29.3,29.1,29,0.05
2021/01/27,56,50.2,46,40,34,30,71,54.5,40,18,9.6,0,29.3,29.3,29.2,0
2021/01/28,62,49.8,41,47,37.3,29,93,66.8,29,15,6.5,0,29.2,29.1,29.1,0
2021/01/29,51,48.7,43,47,43.6,40,93,83.2,66,13,5.5,0,29.3,29.1,29,1.31
2021/01/30,62,49.3,38,42,36.9,34,89,65.3,38,5,0.8,0,29.4,29.3,29.3,0.25
2021/01/31,68,56.4,43,39,33.7,28,71,45.3,25,6,2,0,29.3,29.3,29.3,0
2021/02/01,71,61.5,56,46,38,32,62,43.2,26,8,2.4,0,29.3,29.2,29.2,0
2021/02/02,72,61.8,54,45,41.8,35,69,50.1,27,9,2.9,0,29.3,29.2,29.2,0
2021/02/03,69,57.2,49,48,43.8,41,80,62.9,38,10,4.4,0,29.2,29.2,29.2,0
2021/02/04,66,54,47,46,43.6,41,86,69.8,40,7,2.8,0,29.3,29.3,29.2,0
2021/02/05,71,56.3,45,44,37.2,24,80,52.9,17,9,2.8,0,29.3,29.2,29.2,0
2021/02/06,78,60.3,44,38,31.5,16,71,39.9,10,8,3,0,29.2,29.1,29.1,0
2021/02/07,71,57.2,45,49,38,30,86,51.8,26,10,3.1,0,29.1,29.1,29,0
2021/02/08,65,51.9,47,47,45.7,42,97,81.2,43,10,3.4,0,29.2,29.1,29.1,0
2021/02/09,60,54.4,52,46,44.1,42,80,68.7,51,8,3.8,0,29.2,29.2,29.1,0
2021/02/10,61,54.3,49,47,44.9,43,83,71.5,54,10,3.4,0,29.2,29.2,29.1,0
2021/02/11,67,55,45,49,45.2,40,86,71.2,45,10,4.2,0,29.2,29.2,29.1,0
2021/02/12,68,56.1,52,50,42.6,27,94,67.1,23,23,8.1,0,29.1,29.1,29,0
2021/02/13,64,56.3,48,47,39.7,26,83,57.1,25,23,6.8,0,29.1,29.1,29,0.02
2021/02/14,67,59.4,54,33,25.1,14,43,28.7,14,20,13.4,8,29.2,29.1,29,0
2021/02/15,64,55.7,49,47,39.1,30,86,55.1,37,10,4.5,0,29.2,29.2,29.1,0
2021/02/16,69,58.6,46,46,30.5,15,86,42,13,22,12.1,0,29.1,29.1,29.1,0
2021/02/17,67,58.2,53,29,23.4,14,35,26.8,17,22,12.4,0,29.3,29.2,29.1,0
2021/02/18,68,57.3,46,23,15.8,7,36,20.9,11,15,5.6,0,29.5,29.4,29.3,0
2021/02/19,71,57,44,33,23.6,16,47,29.9,13,9,2.4,0,29.4,29.4,29.3,0
2021/02/20,64,58.8,54,27,22.9,20,33,25.4,19,24,15.8,9,29.4,29.3,29.3,0
2021/02/21,73,60.2,47,25,18.4,9,39,21.3,9,12,4.8,0,29.5,29.4,29.4,0
2021/02/22,80,63.3,47,26,20.1,12,39,22.2,8,8,1.9,0,29.4,29.3,29.2,0
2021/02/23,77,62.5,49,38,26,19,40,27.1,11,12,3.4,0,29.2,29.2,29.1,0
2021/02/24,74,61.3,48,42,33.1,18,56,37.2,18,12,3.3,0,29.2,29.2,29.1,0
2021/02/25,71,59.5,48,48,23.8,5,86,34.2,10,8,4,0,29.3,29.2,29.2,0
2021/02/26,74,59.7,44,34,14.9,5,44,19.8,7,12,4.6,0,29.2,29.1,29.1,0
2021/02/27,73,62.1,50,42,21,5,74,24.2,7,22,13.2,3,29.2,29.1,29,0
2021/02/28,71,59.7,50,36,17.7,6,54,22.9,9,14,3.5,0,29.4,29.3,29.2,0
2021/03/01,73,58.5,45,19,8.3,-2,29,15.7,5,9,3.6,0,29.4,29.3,29.2,0
2021/03/02,73,58.6,46,34,15.9,1,44,23.5,6,15,4.8,0,29.2,29.1,29,0
2021/03/03,56,49.4,43,45,35.6,22,90,60.5,35,20,6.9,0,29.2,29,28.9,0
2021/03/04,66,54.6,42,42,38.8,36,82,57.3,37,9,3.7,0,29.4,29.4,29.3,0.05
2021/03/05,77,61.5,46,40,31.8,22,71,38.9,13,12,3.5,0,29.4,29.3,29.2,0
2021/03/06,69,56.5,47,48,42.1,34,86,60.9,32,14,6.1,0,29.2,29.2,29.1,0
2021/03/07,62,55.1,51,48,45.7,44,86,71.5,52,10,5.2,0,29.3,29.2,29.2,0
2021/03/08,64,56.3,49,48,42.7,33,80,62.2,31,13,5.9,0,29.3,29.3,29.3,0
2021/03/09,61,52.5,44,41,35.3,27,74,54,27,17,4.6,0,29.3,29.3,29.2,0
2021/03/10,54,48,44,44,40.6,36,93,76.4,52,17,6.1,0,29.3,29.2,29.1,0.2
2021/03/11,53,46.6,42,39,36.6,32,89,69.4,47,12,4.3,0,29.3,29.2,29.2,0.47
2021/03/12,56,48.1,40,39,35,30,76,61.5,37,16,3.6,0,29.4,29.3,29.2,0
2021/03/13,63,51.3,40,46,40,35,83,67.3,44,13,4.5,0,29.4,29.4,29.3,0
2021/03/14,62,54.3,51,45,42.3,39,80,65,44,10,4.2,0,29.4,29.4,29.3,0
2021/03/15,54,50,45,46,39.8,28,93,70.2,38,16,9.4,5,29.3,29.1,29,0
2021/03/16,59,49.6,42,37,30.4,26,66,48.8,28,10,5.2,0,29.3,29.2,29.1,0.21
2021/03/17,67,52.8,41,42,36.7,32,79,57.2,27,13,3.1,0,29.3,29.3,29.2,0
2021/03/18,69,57.6,50,45,41.3,33,77,57.3,28,10,2.6,0,29.3,29.3,29.2,0
2021/03/19,71,60.1,49,51,44.8,38,75,58.9,36,10,4,0,29.3,29.3,29.2,0
2021/03/20,68,57.8,54,52,45.3,22,93,68.2,27,10,7.2,3,29.3,29.3,29.2,0
2021/03/21,69,57.6,46,38,29,25,52,34.9,21,18,7.3,0,29.3,29.2,29.2,0
2021/03/22,68,57.5,49,44,35.5,25,71,45.8,26,13,7,0,29.3,29.2,29.1,0
2021/03/23,69,57.7,47,44,33.7,10,77,46.6,14,26,10.5,0,29.1,29,28.9,0
2021/03/24,74,64.3,57,25,10.8,-3,29,13.4,5,25,9.4,0,29.1,29.1,29,0
2021/03/25,58,53.5,50,43,39.8,33,74,60.1,43,16,10,3,29.1,29,29,0
2021/03/26,65,54.9,49,44,40.6,37,77,60.3,37,15,5.2,0,29.3,29.1,29,0
2021/03/27,76,61.5,46,43,33.9,23,71,42.2,15,10,3.4,0,29.4,29.4,29.3,0
2021/03/28,87,68.7,51,34,22.9,6,45,22.7,5,13,4.5,0,29.4,29.3,29.2,0
2021/03/29,81,67,55,48,34,25,72,32.4,13,12,5.5,0,29.2,29.1,29,0
2021/03/30,81,62.3,52,50,45.4,28,89,60.9,14,13,5.5,0,29.2,29.1,29,0
2021/03/31,85,70.3,52,48,21.6,3,70,26.9,4,13,3.8,0,29.3,29.2,29.2,0
2021/04/01,85,73.3,61,20,9,-4,17,9.6,3,13,4.5,0,29.1,29.1,29,0
2021/04/02,76,64.7,56,52,44.9,23,75,51.7,20,13,6,0,29.2,29.2,29.1,0
2021/04/03,77,60.5,50,51,47.7,38,100,67.5,28,12,4.5,0,29.3,29.3,29.2,0
2021/04/04,80,64.3,51,48,41.7,36,74,47,21,12,5,0,29.3,29.2,29.1,0
2021/04/05,70,60.8,52,48,46.2,43,75,60,42,13,6.1,0,29.2,29.1,29,0
2021/04/06,72,60.5,51,49,48,46,86,65.4,43,10,5.5,0,29.2,29.1,29.1,0
2021/04/07,79,64.7,54,49,46.8,42,77,55.6,29,12,3.9,0,29.3,29.2,29.2,0
2021/04/08,76,64.8,56,49,46.7,42,75,54.6,31,14,6.7,0,29.2,29.1,29.1,0
2021/04/09,78,64.2,52,51,47.6,42,77,56.9,35,10,5.8,0,29.2,29.1,29.1,0
2021/04/10,80,64.8,54,49,46.5,40,75,54.6,31,13,6.8,0,29.1,29,29,0
2021/04/11,75,61.1,53,52,48.9,45,84,66.2,36,10,5.5,0,29,29,28.9,0
2021/04/12,69,59.2,55,52,49.4,48,84,70.8,49,13,5.7,0,29.1,29,29,0
2021/04/13,60,57.2,55,51,48.7,46,86,73.3,67,12,6.4,0,29.1,29.1,29,0
2021/04/14,62,55.5,53,46,43.7,41,77,65.2,46,14,7.2,0,29.2,29.1,29.1,0
2021/04/15,67,56,46,49,43.8,39,83,65.4,42,13,4.8,0,29.2,29.2,29.1,0
2021/04/16,71,57.4,49,49,46,41,86,68.4,35,12,5,0,29.1,29.1,29.1,0
2021/04/17,74,60.8,51,52,47.9,44,83,65,39,12,3.9,0,29.1,29.1,29.1,0
2021/04/18,87,73.4,57,51,15.7,-10,75,18.8,2,18,9.9,0,29.2,29.2,29.1,0
2021/04/19,86,72.7,59,49,28.7,19,69,23.9,9,13,7.7,0,29.2,29.1,29.1,0
2021/04/20,72,61.1,55,51,48.3,46,84,64.3,40,14,7.6,0,29.1,29.1,29,0
2021/04/21,61,57.5,55,47,45.9,45,72,65.5,56,13,7.4,3,29.1,29.1,29,0
2021/04/22,63,57.7,54,49,47.2,47,83,68.6,56,12,6,0,29.1,29.1,29.1,0
2021/04/23,63,57.9,54,48,47.2,45,77,68,54,9,4.5,0,29.2,29.2,29.1,0
2021/04/24,67,58.2,54,48,47.2,46,80,67.7,47,12,3.9,0,29.2,29.2,29.1,0
2021/04/25,65,56.7,52,49,46,42,86,68.9,46,14,6.7,0,29.1,29.1,29,0
2021/04/26,63,56.1,52,47,43,37,83,62.6,42,14,7.7,0,29.1,29,29,0
2021/04/27,65,57.5,52,47,42.6,37,77,58.7,37,14,6.8,0,29.2,29.1,29.1,0
2021/04/28,88,71,51,44,29.2,7,74,29.6,5,18,8.3,0,29.3,29.2,29.2,0.01
2021/04/29,93,76,58,41,30.5,18,48,22.7,6,13,4.4,0,29.3,29.3,29.2,0
2021/04/30,93,76.8,63,50,35.4,25,56,25.4,9,12,5.5,0,29.3,29.2,29.1,0
2021/05/01,76,66,59,53,51.6,49,78,61.6,40,12,7.6,3,29.2,29.1,29,0
2021/05/02,70,62.4,58,52,49.1,47,78,62.9,47,12,6.7,3,29.1,29,29,0
2021/05/03,76,64,56,52,50.5,48,81,63.7,41,13,5.5,0,29.1,29,29,0
2021/05/04,86,69.9,57,55,49.8,41,81,53.8,20,10,4.8,0,29.1,29.1,29,0
2021/05/05,85,69.4,58,55,52,46,87,58.4,26,13,6.6,0,29.2,29.1,29.1,0
2021/05/06,75,62.1,56,53,52.5,52,90,72.8,44,15,6.6,0,29.2,29.2,29.1,0
2021/05/07,71,61.9,57,52,51,50,83,68.6,47,13,7.5,3,29.2,29.1,29.1,0
2021/05/08,73,63.1,57,53,50.8,48,83,65.7,45,14,5.7,0,29.1,29.1,29.1,0
2021/05/09,72,62.5,57,54,52.5,51,87,70.9,49,12,5.8,0,29.1,29.1,29,0
2021/05/10,67,62.3,59,54,52.6,52,81,70.9,59,10,6.4,3,29.1,29.1,29,0
2021/05/11,75,63.4,58,54,52.7,52,84,69.7,48,13,5.8,0,29.1,29.1,29,0
2021/05/12,76,63.1,58,54,53.3,52,84,72.1,46,14,5.9,0,29.2,29.2,29.1,0
2021/05/13,71,62.1,58,55,53.6,53,87,74.7,55,15,6,0,29.2,29.2,29.1,0
2021/05/14,73,61.4,57,54,52,49,89,73.3,42,13,6.5,0,29.2,29.1,29.1,0
2021/05/15,70,61.1,58,51,49.2,46,75,65.6,45,12,7,0,29.1,29.1,29,0
2021/05/16,62,58.1,55,52,50.3,48,89,75.7,64,9,6.5,5,29.2,29.1,29.1,0
2021/05/17,68,61.5,58,51,49.4,48,78,65,50,10,5.6,0,29.2,29.2,29.1,0.01
2021/05/18,74,64.1,57,53,51.3,49,81,64.8,41,13,6.1,0,29.2,29.1,29,0
2021/05/19,73,62.5,56,54,50.5,42,87,66.5,46,14,6.5,0,29.1,29.1,29,0
2021/05/20,69,62.4,57,49,46.6,40,72,56.8,41,14,7.3,0,29.1,29,29,0
2021/05/21,72,61.1,52,46,36.2,22,72,45.5,17,21,9.2,0,29.2,29.1,29,0
2021/05/22,67,58.3,52,46,42.9,39,77,58.5,37,13,6.4,0,29.3,29.2,29.2,0
2021/05/23,72,62.4,52,46,41.3,34,72,48,28,13,5.7,0,29.3,29.2,29.2,0
2021/05/24,90,74.6,55,45,34.7,26,64,29,10,13,5.1,0,29.2,29.1,29.1,0
2021/05/25,85,74.1,62,52,44.3,34,60,37.3,18,13,7.2,0,29.1,29.1,29.1,0
2021/05/26,77,67,60,55,52.9,50,80,62,40,14,7.9,0,29.2,29.2,29.1,0
2021/05/27,74,64.1,60,54,51.3,49,80,64.3,44,13,6.2,0,29.2,29.2,29.1,0
2021/05/28,76,63.2,57,54,52,50,88,68.9,43,14,6.3,0,29.2,29.1,29.1,0
2021/05/29,71,62.1,57,53,51.8,51,84,70.4,51,12,6.7,3,29.1,29.1,29,0
2021/05/30,72,63.1,58,53,52.2,51,81,68.6,51,12,5.8,0,29.1,29.1,29,0
2021/05/31,77,65.2,60,55,54.3,53,83,69.2,46,12,5.5,0,29.2,29.1,29.1,0
2021/06/01,81,66.4,59,56,55,54,87,68.9,41,13,6.8,0,29.2,29.1,29.1,0
2021/06/02,82,66.6,58,56,55,53,90,69,39,13,6.5,0,29.1,29.1,29,0
2021/06/03,82,67.2,60,56,54.9,54,83,67,38,14,7.3,0,29.1,29.1,29,0
2021/06/04,80,68.2,60,55,54.2,52,83,63.2,39,13,6.5,0,29.1,29.1,29.1,0
2021/06/05,79,66.6,60,55,52.6,44,83,64.2,29,12,6.1,0,29.2,29.1,29,0
2021/06/06,73,63.8,60,55,52.1,49,83,67,44,14,7,0,29.1,29.1,29,0
2021/06/07,65,61,58,55,51.8,50,87,72,61,9,6.1,0,29.1,29.1,29.1,0
2021/06/08,73,64.3,58,52,48.4,46,81,57.8,39,12,5.8,0,29.2,29.2,29.1,0
2021/06/09,74,66,59,49,43,32,69,46.1,23,15,6.3,0,29.3,29.2,29.2,0
2021/06/10,76,67,55,48,39.9,29,64,40.1,19,12,6.6,0,29.3,29.2,29.1,0
2021/06/11,83,70.5,59,49,44,39,62,41.2,22,12,6.7,0,29.1,29.1,29,0
2021/06/12,87,73.3,61,51,44.8,40,56,38,20,13,5.3,0,29.1,29,29,0
2021/06/13,90,74.5,62,56,48.4,32,67,44.4,13,12,5.2,0,29.1,29.1,29,0
2021/06/14,93,78.7,64,56,51.3,45,73,42.1,20,13,5.6,0,29.1,29.1,29,0
2021/06/15,101,83.8,69,57,53.4,47,65,39,16,12,5.3,0,29.1,29,28.9,0
2021/06/16,89,77.5,67,59,57.1,55,70,51,34,16,8.1,3,29.1,29,29,0
2021/06/17,92,76.9,68,61,58.3,52,76,54.8,28,14,6.6,0,29,29,28.9,0
2021/06/18,86,72,65,60,59.2,58,81,66.1,41,15,8.1,3,29,29,28.9,0
2021/06/19,85,71.5,64,60,58.5,56,84,65.7,38,10,6.7,0,29,29,28.9,0
2021/06/20,82,68.1,62,59,57.7,57,90,71.4,42,13,6.7,0,29.1,29,29,0
2021/06/21,83,69.2,61,57,56,53,87,66.1,36,13,6.6,0,29.2,29.1,29.1,0
2021/06/22,84,70.1,61,57,54.9,48,84,62,28,14,6.4,0,29.1,29.1,29,0
2021/06/23,85,71,62,57,53.9,48,84,58.2,29,14,7.3,0,29.2,29.1,29.1,0
2021/06/24,80,68.4,60,56,54.3,51,86,63.1,38,13,7.2,0,29.2,29.1,29.1,0
2021/06/25,82,70.9,61,56,54.1,52,83,57.5,38,14,6.2,0,29.1,29.1,29,0
2021/06/26,88,74.1,62,57,55,53,80,54.1,30,13,6,0,29.1,29,28.9,0
2021/06/27,88,75.5,66,59,57.4,56,75,55.2,36,13,6.4,0,28.9,28.9,28.8,0
2021/06/28,87,74.6,65,60,59.3,59,81,61.3,40,14,6.8,0,29,28.9,28.9,0
2021/06/29,83,71,65,60,59.9,59,84,69.6,46,13,6.4,0,29.1,29,28.9,0
2021/06/30,85,71.4,63,60,58.9,58,87,67.2,41,13,6.2,0,29.1,29.1,29,0
2021/07/01,92,74,64,60,58.3,54,84,61.6,29,12,5.8,0,29.1,29.1,29,0
2021/07/02,89,74.4,65,60,57.5,54,79,59,30,13,6.6,0,29.1,29.1,29,0
2021/07/03,90,75.3,65,59,57.5,53,81,57.3,28,12,6.3,0,29.1,29.1,29,0
2021/07/04,84,70.8,63,58,57,52,84,64.4,35,13,7.2,0,29.2,29.1,29.1,0
2021/07/05,85,67.9,60,57,55.7,51,90,68.9,33,13,6.4,0,29.2,29.1,29.1,0
2021/07/06,88,70.7,61,58,56.1,50,88,64.2,29,10,6.3,0,29.1,29.1,29,0
2021/07/07,86,74.6,64,59,57.7,55,80,57.6,35,13,7.6,3,29.1,29,28.9,0
2021/07/08,88,76.5,66,61,59.4,57,79,57.5,37,13,6.7,0,29.1,29,29,0
2021/07/09,92,79.4,70,62,59.5,55,76,52.7,30,13,7.5,0,29.1,29.1,29,0
2021/07/10,89,77.4,70,62,57.8,51,76,53.5,29,15,7.2,0,29.1,29.1,29,0
2021/07/11,90,76.8,68,62,58,54,76,54.5,29,14,6.7,0,29.1,29.1,29,0
2021/07/12,86,73,66,63,61,59,88,67.8,41,14,7.3,0,29.1,29.1,29,0
2021/07/13,89,75.8,68,62,60.3,55,81,60.7,32,13,6,0,29.1,29.1,29,0
2021/07/14,87,76,67,62,60,53,81,60.3,31,14,8,3,29.2,29.1,29.1,0
2021/07/15,89,74.1,67,62,58.4,42,84,62.8,20,13,6.6,0,29.2,29.1,29.1,0
2021/07/16,87,72.4,65,60,56.8,44,84,62.8,23,12,6.1,0,29.1,29.1,29,0
2021/07/17,90,75.6,66,60,56.4,44,81,55.2,21,13,6.6,0,29.1,29.1,29.1,0
2021/07/18,91,79.6,69,60,53,41,73,44,20,12,5.7,0,29.2,29.1,29.1,0
2021/07/19,93,80.2,71,60,54.8,46,68,44.1,26,13,6.5,0,29.2,29.2,29.1,0
2021/07/20,91,78.9,69,59,55.7,50,70,47.9,25,13,6,0,29.2,29.1,29,0
2021/07/21,94,79.7,70,59,54.3,48,68,44.1,22,13,4.6,0,29.1,29,29,0
2021/07/22,89,77.2,70,62,58.5,55,73,53.5,34,14,6.8,0,29.2,29.1,29.1,0
2021/07/23,88,75.3,67,61,60,54,81,61.4,32,14,6.8,0,29.2,29.2,29.1,0
2021/07/24,84,70.7,65,61,60.1,57,87,71.1,41,12,5.7,0,29.2,29.2,29.1,0
2021/07/25,83,72.4,66,60,58.2,49,81,63.3,33,13,7.2,0,29.2,29.1,29.1,0
2021/07/26,77,69.7,66,64,61.3,59,90,75.2,58,10,6.1,0,29.2,29.1,29.1,0.03
2021/07/27,89,72.7,63,61,59,47,93,66.9,23,12,5.6,0,29.2,29.1,29.1,0
2021/07/28,91,77.8,66,60,54.8,47,81,50.6,23,10,5.2,0,29.2,29.1,29.1,0
2021/07/29,91,77.3,67,59,55.8,48,76,51.4,24,10,5.5,0,29.1,29.1,29,0
2021/07/30,93,75.7,65,58,55.5,46,78,54,20,17,5.7,0,29.2,29.1,29.1,0
2021/07/31,91,76.9,67,58,55.6,50,73,50.8,24,12,4.9,0,29.2,29.2,29.1,0
2021/08/01,93,78.1,66,57,53,48,70,45.1,24,12,4.7,0,29.2,29.2,29.2,0
2021/08/02,98,81.9,69,55,47,31,57,33.9,11,12,4.5,0,29.2,29.2,29.1,0
2021/08/03,96,79.8,70,56,51.6,46,59,40.3,19,12,5.5,0,29.2,29.1,29,0
2021/08/04,93,78.3,68,57,55.3,52,68,47.5,26,15,6.7,0,29.1,29.1,29,0
2021/08/05,91,78.2,68,58,54.8,51,70,46.2,27,15,6.3,0,29.1,29.1,29,0
2021/08/06,85,73.3,64,60,58.9,58,84,62.5,40,12,7.1,0,29.1,29.1,29,0
2021/08/07,86,71,63,60,58.8,55,87,68.4,36,12,6.4,0,29.1,29.1,29,0
2021/08/08,88,72.1,63,60,57.4,49,84,64.3,27,10,6.3,0,29.1,29.1,29,0
2021/08/09,89,73.5,63,59,56.2,51,84,58.7,27,12,5.8,0,29.1,29.1,29,0
2021/08/10,92,77.1,66,60,55.6,49,76,51.3,23,13,5.8,0,29.1,29.1,29,0
2021/08/11,92,79.2,69,59,50.3,39,70,40.7,17,13,6.2,0,29.1,29.1,29.1,0
2021/08/12,94,81.4,71,53,43.8,22,49,30.2,8,12,5.5,0,29.2,29.1,29.1,0
2021/08/13,89,78.8,69,58,49.9,37,68,38.8,18,12,6.2,0,29.2,29.2,29.2,0
2021/08/14,91,77.9,69,62,56.3,48,76,50.2,27,10,6.7,0,29.3,29.2,29.1,0
2021/08/15,93,78.8,67,58,55,51,73,46.5,25,10,6,0,29.2,29.1,29,0
2021/08/16,91,77.9,69,63,58.1,53,73,52.1,32,13,6.6,0,29,29,28.9,0
2021/08/17,87,73.8,68,63,62.2,60,84,68.8,41,13,7.8,5,29.1,29,29,0
2021/08/18,74,69.4,66,64,61.5,59,93,76.6,59,13,7.5,0,29.1,29.1,29,0
2021/08/19,79,70.2,66,61,58.1,54,84,67,43,9,3.5,0,29.1,29.1,29,0
2021/08/20,77,69.5,63,58,57.2,55,84,65.6,52,10,5,0,29.1,29,29,0
2021/08/21,75,67.7,64,59,57.2,55,84,69.5,51,9,4.8,0,29,29,28.9,0
2021/08/22,77,68.2,62,56,55,54,78,63.4,48,12,4.1,0,29,29,29,0
2021/08/23,78,68.5,62,57,55.8,54,78,64.8,46,13,4.9,0,29.1,29,29,0
2021/08/24,84,71.2,61,58,55.6,52,81,60.3,34,10,4.5,0,29.1,29.1,29.1,0
2021/08/25,91,76.1,64,58,53,42,78,49.8,18,13,4.2,0,29.1,29.1,29,0
2021/08/26,98,81,68,57,47.8,35,61,35.3,11,13,4.3,0,29.1,29,28.9,0
2021/08/27,97,79.8,64,57,46.1,35,61,35.3,12,10,4.8,0,29,28.9,28.9,0
2021/08/28,95,77.3,66,59,52,39,73,46.1,14,12,4.8,0,29,28.9,28.9,0
2021/08/29,92,77.8,66,59,55.7,49,75,49.8,23,13,5.5,0,29,28.9,28.9,0
2021/08/30,83,72.1,65,59,57.8,56,78,62.3,42,14,6.7,0,29,28.9,28.9,0
2021/08/31,77,67.4,64,59,58.3,57,84,73.2,52,13,5.7,0,29,29,28.9,0
2021/09/01,76,68.5,64,59,58,56,84,69.7,50,10,4.4,0,29.1,29,29,0
2021/09/02,79,69.5,63,59,57.3,56,84,66.1,47,12,5.6,0,29.1,29.1,29,0
2021/09/03,87,69.9,59,58,57,55,93,67.6,35,9,3.9,0,29.1,29.1,29,0
2021/09/04,98,80.6,61,57,33.9,8,78,31,5,14,4,0,29.1,29.1,29,0
2021/09/05,104,85.3,67,56,32.3,18,55,18.9,6,14,4.4,0,29.1,29,29,0
2021/09/06,91,75.5,67,63,60,56,81,61.4,30,13,6.1,0,29.1,29.1,29,0
2021/09/07,89,76,68,63,61.2,55,81,62.2,33,12,5.1,0,29.2,29.1,29,0
2021/09/08,92,76,67,62,61,58,84,62.9,32,12,6,0,29.1,29,29,0
2021/09/09,93,78.6,67,61,58.8,55,79,53.7,30,10,6.8,0,29.1,29,29,0
2021/09/10,92,80.4,71,59,55.6,52,63,44.2,27,12,5.5,0,29.1,29.1,29.1,0
2021/09/11,95,82.5,71,57,50.9,41,59,35.9,19,10,4.4,0,29.2,29.1,29.1,0
2021/09/12,96,79.2,68,56,47.3,27,65,36.7,9,13,4.8,0,29.1,29.1,29,0
2021/09/13,93,75.1,62,56,47.8,22,80,46.9,8,12,4.8,0,29.1,29,29,0
2021/09/14,88,70.9,59,56,50.5,42,75,52.4,20,12,5,0,29.1,29.1,29,0
2021/09/15,83,67.5,60,57,53.9,45,90,66,26,12,6.1,0,29.1,29.1,29,0
2021/09/16,76,64.9,58,55,53.5,53,90,68.9,45,13,6.1,0,29.1,29,29,0
2021/09/17,79,64.1,57,54,53.5,52,87,70.8,39,12,4.6,0,29.2,29.1,29.1,0
2021/09/18,77,65.2,57,55,53.4,51,84,67.9,40,10,4.7,0,29.3,29.2,29.1,0
2021/09/19,78,65.9,56,56,53.5,50,90,66.6,39,13,5.1,0,29.2,29.1,29.1,0
2021/09/20,87,72,61,58,53.5,50,75,54.4,31,10,3.8,0,29.2,29.1,29,0
2021/09/21,99,81.3,63,59,48.4,35,76,39.8,11,13,4.5,0,29.3,29.2,29.2,0
2021/09/22,97,84.2,70,55,47.1,39,50,29.7,17,12,5,0,29.3,29.2,29.1,0
2021/09/23,85,75.3,65,57,53,47,70,48.2,29,10,5.5,0,29.1,29.1,29,0
2021/09/24,82,71,61,57,54.9,51,83,58.8,35,9,4,0,29.1,29.1,29.1,0
2021/09/25,82,69.8,61,57,55.5,53,83,62.9,38,10,5.9,0,29.2,29.1,29.1,0
2021/09/26,71,64,61,56,55.8,55,83,74.8,59,12,4.9,0,29.2,29.2,29.2,0
2021/09/27,67,63.6,61,56,55.5,55,81,75.1,66,7,5.1,0,29.2,29.2,29.1,0
2021/09/28,71,64.7,61,56,54.7,53,83,70.4,55,9,5.3,0,29.1,29.1,29,0
2021/09/29,74,65.6,58,56,53.2,51,81,65.6,48,9,3.3,0,29.1,29.1,29,0
2021/09/30,89,72.6,56,53,37.8,22,72,35.3,9,10,4.2,0,29.1,29.1,29,0
2021/10/01,92,74.8,59,40,27.3,7,33,19.9,4,12,3.1,0,29.2,29.1,29.1,0
2021/10/02,94,77.5,59,40,24.9,11,38,17.8,5,12,3.5,0,29.2,29.1,29.1,0
2021/10/03,94,78.4,62,38,26.8,20,28,17,7,14,4,0,29.1,29.1,29,0
2021/10/04,89,75.3,66,58,40.1,29,75,31.4,12,17,7.1,0,29.2,29.1,29,0
2021/10/05,79,71.3,65,60,55.5,52,84,59.1,40,13,7.1,0,29.2,29.1,29.1,0.08
2021/10/06,73,65.3,61,58,56.8,55,90,74.8,53,9,4.5,0,29.2,29.2,29.1,0
2021/10/07,69,64.8,61,58,56.1,55,84,73.7,61,10,6.4,0,29.2,29.2,29.1,0
2021/10/08,69,62.9,60,57,53.1,49,87,70.9,52,10,5.8,0,29.3,29.2,29.2,0
2021/10/09,72,62.8,52,50,46.7,41,80,57.8,35,13,3.9,0,29.3,29.2,29.2,0
2021/10/10,82,67.5,53,50,40.3,33,69,40.8,19,10,3.3,0,29.2,29.1,29.1,0
2021/10/11,72,62.8,54,53,33.8,7,72,40.1,9,28,10.2,0,29,28.9,28.8,0
2021/10/12,71,61.8,56,25,16.1,9,25,17.5,9,22,11.5,0,29.1,29.1,28.9,0
2021/10/13,75,61,47,36,22,13,42,24.8,10,12,3,0,29.1,29.1,29.1,0
2021/10/14,78,64.5,50,33,27,21,50,26.5,12,8,3.4,0,29.2,29.2,29.1,0
2021/10/15,87,71.7,53,29,22.1,10,37,18.3,8,9,3.4,0,29.3,26.7,0,0
2021/10/16,88,72.4,58,25,14.9,8,21,12.6,5,9,4,0,29.2,21.9,0,0
2021/10/17,76,63.2,53,53,35.9,21,81,41.6,17,15,6,0,29.2,26.8,0,0
2021/10/18,65,59.1,56,53,49.4,44,87,71.3,50,13,6.7,0,29.2,29.1,29.1,0
2021/10/19,70,58.7,49,47,43.5,38,77,59.3,31,8,2.4,0,29.2,29.2,29.1,0.03
2021/10/20,75,61.3,51,49,43.3,36,71,54.2,26,9,2.7,0,29.3,29.2,29.2,0
2021/10/21,82,64.7,52,53,41,31,78,46.4,16,9,2.6,0,29.3,29.2,29.2,0
2021/10/22,70,57.8,51,55,50.3,40,97,77.8,49,10,4.5,0,29.2,29.2,29.1,0
2021/10/23,69,62.3,60,56,53.9,51,86,74.5,57,10,5.9,0,29.1,29.1,29,0
2021/10/24,69,61.5,58,54,51.9,50,84,71.7,51,8,3.8,0,29.1,29.1,29.1,0
2021/10/25,59,52.3,0,57,49,0,97,80.7,0,17,9.2,0,29.1,29.1,29,0
2021/10/26,72,58.4,46,47,42.4,35,93,60.7,28,15,5.4,0,29.3,29.2,29.1,0.64
2021/10/27,83,67.1,53,45,38.6,32,59,38.7,16,7,2.1,0,29.3,29.3,29.2,0
2021/10/28,89,73.1,58,46,42.8,38,60,36.9,18,10,2.5,0,29.2,29.2,29.1,0
2021/10/29,85,69.5,61,54,45.8,40,65,44.9,21,9,2,0,29.1,29.1,29,0
2021/10/30,74,61.5,56,55,53.2,48,97,75.8,48,10,4.4,0,29.1,29.1,29.1,0
2021/10/31,67,61.1,58,54,51.9,50,84,72.6,54,9,4.5,0,29.2,29.2,29.1,0
2021/11/01,67,59.8,55,53,51.6,49,86,75,60,6,2.2,0,29.3,29.3,29.2,0
2021/11/02,71,60,51,53,50.5,47,86,72.1,47,9,3.6,0,29.3,29.3,29.3,0
2021/11/03,84,64.3,53,54,50.8,43,87,65.4,24,12,3.1,0,29.3,29.2,29.1,0
2021/11/04,79,58.3,0,55,49.7,0,100,73,0,9,3.9,0,29.2,29.2,29.1,0
2021/11/05,83,64.3,55,54,48.7,41,93,62,25,9,4.6,0,29.2,29.1,29.1,0
2021/11/06,72,51.8,0,54,46.1,0,96,73.7,0,8,4.1,0,29.2,29.2,29.2,0
2021/11/07,70,48.1,0,52,42.6,0,96,68.2,0,9,4.5,0,29.2,29.2,29.1,0
2021/11/08,69,58,53,51,49.5,47,90,74.7,45,9,3.9,0,29.3,29.2,29.2,0
2021/11/09,70,60,52,53,48.2,0,86,69,0,10,3.3,0,29.4,29.3,29.3,0
2021/11/10,80,65,54,53,49.2,40,81,59.4,30,8,3.4,0,29.3,29.3,29.2,0
2021/11/11,89,75,58,44,38.1,33,52,28.6,16,14,4.5,0,29.3,29.2,29.2,0
2021/11/12,93,78.7,66,41,36.3,32,37,22.9,13,12,4.3,0,29.3,29.2,29.2,0
2021/11/13,92,74.9,60,38,32.2,24,36,23.5,9,7,2.4,0,29.3,29.2,29.2,0
2021/11/14,92,73.8,59,36,30.8,24,39,22.9,9,9,2.1,0,29.3,29.2,29.2,0
2021/11/15,88,69.3,57,55,39.3,26,80,38.5,11,8,2.8,0,29.3,29.2,29.2,0
2021/11/16,72,58.9,53,53,50,43,93,74.2,41,9,4,0,29.2,29.2,29.1,0
2021/11/17,71,59.4,53,51,49,46,83,69.7,42,12,3.2,0,29.2,29.2,29.2,0
2021/11/18,72,59.4,51,53,48.7,40,89,69.3,43,8,2,0,29.3,29.3,29.2,0
2021/11/19,69,55.8,51,52,49.9,47,93,81.5,49,8,2.5,0,29.3,29.3,29.2,0
2021/11/20,70,56.9,51,51,48.2,43,90,74.5,46,7,2.8,0,29.3,29.2,29.2,0
2021/11/21,85,72,53,44,21.3,6,71,21.2,7,14,4.8,0,29.3,29.3,29.2,0
2021/11/22,83,68.8,54,23,16.4,10,28,15.2,6,8,2.5,0,29.3,29.2,29.1,0
2021/11/23,76,64.8,57,42,31.6,22,53,30.5,18,9,3.5,0,29.2,29.1,29.1,0
2021/11/24,78,65.6,50,49,20.4,-5,67,29.4,4,32,9.3,0,29.4,29.2,29.1,0
2021/11/25,80,67.5,54,11,-2.6,-22,16,7.7,2,40,10.8,0,29.4,29.4,29.3,0
2021/11/26,78,61.9,49,18,10.2,4,22,14.4,6,9,3.5,0,29.4,29.3,29.2,0
2021/11/27,80,63.8,49,24,15.4,2,29,17.5,6,7,2,0,29.3,29.3,29.2,0
2021/11/28,86,65.2,49,27,19.9,2,35,20.5,4,9,1.9,0,29.4,29.3,29.3,0
2021/11/29,84,66.9,53,41,27.6,14,41,25.4,8,6,1.1,0,29.3,29.2,29.2,0
2021/11/30,80,65.3,52,51,35.3,28,57,34.8,18,9,2.1,0,29.2,29.2,29.1,0
2021/12/01,87,67,54,51,36.7,15,72,37.3,7,9,2.7,0,29.3,29.2,29.2,0
2021/12/02,69,55.3,49,50,47.4,37,90,75.8,42,9,4.2,0,29.3,29.3,29.2,0
2021/12/03,68,56.7,52,49,48,47,86,73.8,47,9,4,0,29.3,29.3,29.2,0
2021/12/04,67,55.9,51,49,46.9,43,83,72.8,49,8,4,0,29.3,29.3,29.3,0
2021/12/05,68,53.8,47,49,45.9,39,90,75.5,49,8,2.8,0,29.3,29.3,29.2,0
2021/12/06,72,58.4,47,52,44.3,31,83,62,32,12,4.2,0,29.3,29.2,29.1,0
2021/12/07,65,59.3,54,51,48.4,46,78,67.7,50,10,2.7,0,29.2,29.1,29.1,0
2021/12/08,68,57.6,49,51,46.9,42,81,68.7,47,10,3.5,0,29.2,29.2,29.1,0.03
2021/12/09,58,56.1,50,52,47.2,33,87,73.4,43,16,6.5,3,29.2,29.1,29.1,0.01
2021/12/10,62,53.2,44,40,37,34,73,55.1,39,9,3.1,0,29.3,29.3,29.1,0.04
2021/12/11,67,54.8,43,34,26.6,19,65,37.1,16,7,2.2,0,29.4,29.3,29.2,0
2021/12/12,65,52.6,41,40,31.2,25,63,47,22,8,1.9,0,29.2,29.2,29.1,0
2021/12/13,57,52.2,45,48,41.1,36,83,66.5,55,17,7.7,0,29.3,29.2,29.2,0
2021/12/14,58,52.8,43,53,47.3,35,89,81.7,66,25,13.3,0,29.3,29.1,29,0.25
2021/12/15,58,47.1,38,35,31.1,21,79,56.8,24,10,4.3,0,29.4,29.4,29.3,1.57
2021/12/16,56,49.6,39,47,38.8,31,86,67.4,45,9,2.6,0,29.4,29.3,29.2,0
2021/12/17,67,52.5,43,46,39.4,30,89,65.2,25,7,3.7,0,29.3,29.3,29.2,0
2021/12/18,70,53.8,39,32,25.2,14,63,37.7,13,8,2.5,0,29.4,29.3,29.3,0
2021/12/19,67,52.3,41,42,28.5,13,60,43.8,12,9,2.2,0,29.3,29.3,29.2,0
2021/12/20,68,54.3,40,31,26.1,19,65,37.5,15,7,1.7,0,29.3,29.3,29.2,0
2021/12/21,71,58.9,51,39,27.5,15,49,32.8,12,8,1.7,0,29.3,29.3,29.2,0
2021/12/22,65,58.3,48,38,31.9,27,56,38.1,24,8,1.4,0,29.3,29.2,29.1,0
2021/12/23,59,53.7,52,51,48.5,39,89,83.1,48,22,10.6,0,29.2,29.1,29,0.02
2021/12/24,60,55.3,51,52,49.3,46,89,80.3,62,12,5.2,0,29.2,29,28.9,0
2021/12/25,55,51.3,48,48,45.4,40,89,80.6,57,17,7.6,0,29.2,29.1,29.1,0.32
2021/12/26,58,50.7,44,46,40.1,34,86,68.6,42,9,2.5,0,29.3,29.2,29.1,0.48
2021/12/27,53,48.1,40,45,41.4,34,86,78,55,12,5.3,0,29.2,29.1,29,0
2021/12/28,55,48.2,44,40,36.8,34,82,66.1,45,16,3.5,0,29,29,29,0.19
2021/12/29,53,49.9,46,48,42.6,36,86,76.5,61,18,9.9,0,29.1,29,29,0
2021/12/30,56,53.6,51,50,48.5,47,86,82.7,77,22,10.3,0,29,29,29,1.66
2021/12/31,61,53.4,47,47,41.3,30,86,64.9,43,16,5.8,0,29,28.9,28.9,1.23
2022/01/01,62,51,41,37,31.8,23,71,49.6,32,7,3,0,29.4,29.3,29.1,0
2022/01/02,64,50.6,39,30,24.4,15,65,40,15,9,3,0,29.5,29.4,29.3,0
2022/01/03,66,50.5,38,35,28.4,14,65,46.2,14,9,1.3,0,29.4,29.4,29.3,0
2022/01/04,65,51.2,40,43,35.2,29,74,56.8,31,7,2.6,0,29.4,29.4,29.3,0
2022/01/05,72,57.8,46,42,36.7,30,71,48.3,25,8,3.3,0,29.3,29.2,29.2,0
2022/01/06,76,61.1,48,42,36.4,31,62,42.6,20,8,1.5,0,29.2,29.1,29.1,0
2022/01/07,61,53.8,46,47,43.6,37,75,68.7,56,13,4.4,0,29.1,29.1,29,0
2022/01/08,63,55.7,49,46,42.3,40,75,61.9,45,6,1.4,0,29.3,29.2,29.1,0
2022/01/09,74,58.4,42,40,28,16,74,38.6,12,7,1.8,0,29.5,29.4,29.3,0
2022/01/10,74,61.4,50,28,21.3,14,43,23.8,12,13,2.8,0,29.5,29.4,29.4,0
2022/01/11,79,62.2,49,27,19,8,37,21.5,7,9,3.3,0,29.4,29.4,29.3,0
2022/01/12,77,61.3,48,32,24.3,16,43,27,11,6,2.1,0,29.4,29.4,29.3,0
2022/01/13,71,63,57,37,30.8,25,41,30.5,18,7,3.2,0,29.4,29.3,29.3,0
2022/01/14,79,63.7,52,38,31,15,53,33.1,9,8,1.2,0,29.3,29.3,29.2,0
2022/01/15,71,62.2,57,41,33.3,26,48,35,19,16,2.7,0,29.4,29.3,29.3,0
2022/01/16,76,65.8,56,43,31,19,55,29.8,13,8,3.7,0,29.3,29.2,29.2,0
2022/01/17,63,59.5,57,54,48.7,37,87,68.7,39,8,2,0,29.3,29.2,29.2,0
2022/01/18,65,58.7,55,54,50.6,48,88,75.1,54,9,2.6,0,29.3,29.2,29.2,0.15
2022/01/19,65,56.2,51,49,47.5,43,86,73.4,50,6,2.1,0,29.4,29.3,29.3,0
2022/01/20,76,60.9,48,42,33.6,27,77,41,17,8,3.2,0,29.4,29.4,29.3,0
2022/01/21,74,61.1,48,36,24.1,11,54,29.3,9,26,8,0,29.3,29.2,29.1,0
2022/01/22,70,65.1,59,15,13.3,11,18,13.5,11,25,16.3,0,29.3,29.2,29.2,0
2022/01/23,75,65,56,26,19.8,13,26,18.1,13,12,6,0,29.4,29.3,29.3,0
2022/01/24,72,59.8,49,45,30.5,20,62,35.9,18,9,3.8,0,29.3,29.2,29.1,0
2022/01/25,69,56.2,45,44,37,29,66,51.1,22,9,2,0,29.2,29.1,29.1,0
2022/01/26,71,57.6,44,37,24.2,12,68,34.3,10,7,1.9,0,29.3,29.3,29.2,0
2022/01/27,71,57.3,43,23,16.9,6,42,23.5,8,8,2.5,0,29.4,29.3,29.3,0
2022/01/30,72,60.3,50,38,33.7,19,53,39.6,13,13,5,0,29.3,29.3,29.3,0
2022/01/31,65,53.1,45,46,33.8,28,69,49.6,29,6,1.9,0,29.3,29.2,29.1,0
2022/02/01,63,54.8,49,47,43,40,80,65.5,43,12,2.6,0,29.1,29.1,29,0
2022/02/02,66,55.8,46,38,7.3,-11,63,19.2,4,17,6.5,0,29.3,29.1,29.1,0
2022/02/03,67,54,41,27,17.9,7,41,26.6,11,10,2.7,0,29.5,29.4,29.3,0
2022/02/04,71,56.3,44,24,16.4,8,44,23.8,10,8,3.4,0,29.5,29.5,29.4,0
2022/02/05,72,56.3,41,20,14.8,8,35,21.5,9,10,3,0,29.4,29.3,29.3,0
2022/02/06,80,62.9,49,25,18.6,11,31,19.8,8,9,3.2,0,29.4,29.3,29.3,0
2022/02/07,78,62.8,49,23,18.3,13,33,20,9,9,3.7,0,29.5,29.4,29.3,0
2022/02/08,81,65.4,49,23,18.5,13,36,18.5,9,8,3,0,29.4,29.3,29.3,0
2022/02/09,87,74.7,58,23,13.1,2,21,10.7,4,16,5.8,0,29.3,29.2,29.2,0
2022/02/10,87,77.7,66,33,23.3,13,26,14.2,6,30,11.2,0,29.3,29.2,29.2,0
2022/02/11,86,70.5,57,33,28.9,25,34,22.5,13,9,3.3,0,29.2,29.2,29.1,0
2022/02/12,87,71.5,55,26,18.7,4,31,16.1,4,9,2.2,0,29.3,29.3,29.2,0
2022/02/13,86,70,55,28,20.1,8,30,17.3,6,9,2.4,0,29.4,29.3,29.3,0
2022/02/14,80,63.8,53,50,32,20,80,36,11,12,4.9,0,29.3,29.2,29.1,0
2022/02/15,62,55.5,50,49,42.1,28,77,61.8,40,17,10.4,0,29.1,29,28.9,0
2022/02/16,66,56,48,44,34.1,24,71,45.3,26,13,5.5,0,29.3,29.1,29,0.03
2022/02/17,71,60.4,47,42,26.5,16,77,32,15,15,5.4,0,29.4,29.4,29.3,0
2022/02/18,75,59.5,45,29,23.8,18,44,27.5,12,10,2.7,0,29.4,29.4,29.3,0
2022/02/19,79,62.5,47,44,28.9,19,58,31.6,11,10,3,0,29.3,29.2,29.1,0
2022/02/20,70,56.5,48,48,42.1,34,77,60.1,35,15,5.3,0,29.2,29.1,29.1,0
2022/02/21,61,55.6,53,45,42.8,40,72,62.4,49,13,7.7,0,29.2,29.1,29.1,0
2022/02/22,59,53.6,49,44,38.6,28,77,58.1,39,16,8.8,3,29.1,29.1,29.1,0
2022/02/23,55,48.8,44,35,25.3,16,65,42.6,23,20,9.2,0,29.3,29.1,29.1,0
2022/02/24,62,51.1,39,26,15,4,39,25.6,11,14,5.5,0,29.4,29.4,29.3,0
2022/02/25,66,52.3,39,25,21.2,13,51,32.1,13,13,3,0,29.4,29.3,29.3,0
2022/02/26,70,56.2,40,23,18.3,15,45,25.5,13,9,3,0,29.5,29.4,29.4,0
2022/02/27,77,60.3,43,20,14.2,8,34,18.4,8,8,2.3,0,29.5,29.4,29.3,0
2022/02/28,86,69.1,52,24,17.1,11,25,15,6,23,6.9,0,29.3,29.3,29.2,0
2022/03/01,86,69.7,53,33,24.5,16,31,19.8,8,10,4.2,0,29.3,29.2,29.2,0
2022/03/02,85,67.7,52,38,28.1,20,42,24.7,12,10,4.5,0,29.2,29.2,29.1,0
2022/03/03,70,59.8,52,51,42.2,31,81,54.2,34,15,7.9,0,29.1,29.1,29,0
2022/03/04,63,56.8,52,50,46.1,41,80,68.3,46,14,7.6,0,29.2,29.1,29,0.11
2022/03/05,59,52.3,48,45,37.4,29,77,58,36,18,7.3,0,29.3,29.2,29.1,0
2022/03/06,62,52.1,41,37,32.6,29,67,48.8,31,12,4.8,0,29.4,29.3,29.3,0.06
2022/03/07,72,57.3,43,34,23.7,0,63,34.5,6,18,6,0,29.4,29.3,29.3,0
2022/03/08,70,58.7,47,28,23.2,17,44,27.6,14,13,4.8,0,29.3,29.3,29.1,0
2022/03/09,70,58,46,49,38.9,30,77,51.1,30,13,5.6,0,29.2,29.1,29,0
2022/03/10,71,61.4,54,48,39.2,-5,75,50.8,6,17,5.4,0,29.3,29.1,29.1,0
2022/03/11,73,61.8,51,22,13.3,-4,31,16.5,7,12,4.4,0,29.5,29.4,29.3,0
2022/03/12,79,64.5,48,28,20.1,11,37,20.7,8,15,4.9,0,29.4,29.3,29.2,0
2022/03/13,59,56.5,54,30,29,28,40,35.5,31,5,2.5,0,29.3,29.3,29.3,0
2022/03/14,82,65.8,54,48,44.5,34,77,51,18,10,4.3,0,29.4,29.3,29.3,0
2022/03/15,78,66.8,54,49,44,39,64,45.9,26,10,4,0,29.3,29.3,29.2,0
2022/03/16,80,69.2,58,48,38.6,28,65,35.8,15,22,11,0,29.2,29.2,29.1,0
2022/03/17,82,70.5,57,43,31.2,20,52,26.2,11,20,5.6,0,29.3,29.2,29.2,0
2022/03/18,81,69.1,56,40,32,25,43,26.2,17,10,3.8,0,29.2,29.2,29.1,0
2022/03/19,69,61.5,57,51,46.7,41,74,59.1,45,13,6.8,0,29.2,29.1,29.1,0
2022/03/20,74,62.7,55,52,38.7,24,89,48.4,19,22,11.6,0,29.2,29.1,29,0.15
2022/03/21,79,67.5,56,47,42.3,29,69,41.8,27,13,6.6,0,29.3,29.2,29.1,0
2022/03/22,86,72,57,44,38.5,35,55,32,17,12,4.9,0,29.3,29.2,29.2,0
2022/03/23,87,73.9,59,40,36.3,32,49,27.5,15,13,3.7,0,29.3,29.3,29.2,0
2022/03/24,89,73.4,60,49,40.6,34,50,33.3,16,13,3.7,0,29.3,29.2,29.1,0
2022/03/25,88,72.2,60,52,44.3,33,72,40.9,16,9,4,0,29.2,29.1,29.1,0
2022/03/26,82,64.9,56,52,46.5,32,84,56.1,16,13,6.3,0,29.1,29.1,29,0
2022/03/27,70,60.1,56,51,47.7,45,84,64.8,41,14,9.7,5,29.1,29,29,0
2022/03/28,61,56.5,54,52,48.6,45,89,75.7,58,22,10.6,0,29.1,29,28.9,0
2022/03/29,69,59.2,51,51,46.5,41,89,65.7,36,17,6.5,0,29.2,29.1,29,1.25
2022/03/30,70,60.1,55,52,49.7,47,83,69.4,49,12,4.4,0,29.3,29.2,29.1,0
2022/03/31,64,59.9,57,51,49.8,49,81,69.8,58,10,5.7,0,29.1,29.1,29,0
2022/04/01,72,61.6,53,52,49.5,47,80,65.5,47,10,5,0,29.1,29.1,29,0
2022/04/02,66,59.2,54,52,50.3,49,86,73,59,9,4.5,0,29.2,29.2,29.1,0
2022/04/03,68,62.3,58,51,50.2,49,78,65.1,52,10,5,0,29.2,29.1,29.1,0
2022/04/04,73,61.9,55,52,50.4,48,87,67.9,45,10,5.7,0,29.1,29.1,29,0
2022/04/05,88,73.8,61,55,48.5,42,65,42.8,22,17,7.7,0,29.1,29.1,29,0
2022/04/06,97,77.5,60,55,48.1,40,70,41.4,14,10,3.4,0,29.2,29.1,29.1,0
2022/04/07,99,82.9,63,44,28.1,11,42,18.5,5,15,5.5,0,29.3,29.2,29.1,0
2022/04/08,98,83.5,66,36,27.8,20,27,14.5,6,14,4.9,0,29.2,29.1,29,0
2022/04/09,85,75.2,64,54,44.7,36,67,35.2,24,13,6.8,0,29,29,28.9,0
2022/04/10,63,61.2,60,52,51.8,51,72,71.2,67,9,4.3,0,29,29,29,0
2022/04/11,67,61.1,57,52,49.3,45,75,65.5,50,13,5.8,0,29.1,29,29,0
2022/04/12,68,59.3,50,44,18.4,6,62,23.4,10,23,15.6,7,29.3,29.1,29,0
2022/04/13,73,61.8,52,40,23.6,14,49,24.4,17,18,8.8,0,29.3,29.2,29.2,0
2022/04/14,71,61.8,50,45,36.7,31,60,41.2,24,13,5.2,0,29.2,29.1,29.1,0
2022/04/15,73,61.7,53,50,45.9,41,77,57.8,35,14,6.5,0,29.2,29.1,29.1,0
2022/04/16,69,60.8,56,51,49.6,47,80,67.3,49,13,6.5,0,29.3,29.2,29.2,0
2022/04/17,74,63.2,56,52,50.2,49,81,64.3,45,10,5.8,0,29.3,29.3,29.2,0
2022/04/18,79,66.9,57,52,49.1,47,75,54.6,36,9,4.5,0,29.2,29.2,29.1,0
2022/04/19,73,65.1,59,52,48.3,46,78,55.5,39,13,8.1,3,29.1,29.1,29,0
2022/04/20,70,62.4,56,52,48.5,39,78,62,39,16,9,6,29.2,29.1,29.1,0
2022/04/21,69,61,52,53,46.9,42,83,61.3,42,15,6.9,0,29.2,29.2,29.1,0
2022/04/22,67,59.6,55,52,45.3,35,84,61.8,33,15,6.5,0,29.2,29.1,29.1,0.27
2022/04/23,80,66.9,52,47,43,38,74,46.1,24,14,6.4,0,29.3,29.2,29.1,0
2022/04/24,85,74.6,63,37,30.6,23,38,22,11,13,6.1,0,29.2,29.1,29.1,0
2022/04/25,89,75.3,60,34,26.3,18,38,18.3,8,14,4.2,0,29.2,29.1,29.1,0
2022/04/26,83,70.8,62,50,39.5,31,56,33.5,18,15,6.2,0,29.1,29.1,29,0
2022/04/27,74,63.9,57,51,50,47,81,61.8,44,13,7.3,0,29.1,29.1,29.1,0
2022/04/28,70,62.2,57,52,48.5,46,78,61.9,44,12,7.8,5,29.2,29.1,29.1,0
2022/04/29,75,63.3,54,52,47.9,44,75,58.9,37,10,5.3,0,29.2,29.1,29.1,0
2022/04/30,81,68.1,56,52,47.3,44,75,50.3,29,13,5.8,0,29.1,29.1,29,0
2022/05/02,74,63.9,57,53,50.9,46,78,63.6,45,13,6.2,0,29.1,29,29,0
2022/05/03,74,64.7,60,53,51.5,50,72,63,48,14,6.8,3,29.1,29.1,29,0
2022/05/04,72,64.2,59,53,51.4,50,75,63.9,51,14,6.5,0,29.1,29.1,29,0
2022/05/05,85,69.8,57,54,51.3,49,81,54.5,32,15,4.8,0,29.1,29.1,29.1,0
2022/05/06,81,70.5,60,53,49.6,43,75,50,32,13,6,0,29.1,29.1,29.1,0
2022/05/07,77,66.4,60,56,53.1,48,81,63.7,43,15,8.2,0,29.1,29.1,29,0
2022/05/08,69,63.2,58,52,49.1,44,72,60.6,47,14,5.9,0,29.1,29,29,0
2022/05/09,58,57,56,44,42.5,38,62,58.8,51,5,2.8,0,29.1,29,29,0
2022/05/10,70,64.8,57,42,33.8,28,57,32.9,22,15,7.4,0,29.2,29.2,29.2,0
2022/05/11,73,62.9,53,41,24.9,11,62,29.2,10,20,10,0,29.3,29.3,29.2,0
2022/05/12,82,70.8,58,32,25.5,19,29,19.3,10,13,6.3,0,29.3,29.3,29.2,0
2022/05/13,92,77.8,61,39,32.3,29,34,20.4,12,13,5,0,29.2,29.1,29.1,0
2022/05/14,95,81.5,65,42,35.4,30,33,20.7,10,12,3.9,0,29.1,29.1,29,0
2022/05/15,87,75.8,65,52,42.8,35,61,32.5,18,14,5.4,0,29.1,29.1,29,0
2022/05/16,77,67,60,55,53.6,50,80,63.4,46,14,7.3,0,29.1,29.1,29,0
2022/05/17,74,63.9,58,54,52.1,49,78,66.4,50,12,5.3,0,29.2,29.1,29.1,0
2022/05/18,79,65.2,59,56,53.8,52,81,67.9,45,12,5.9,0,29.2,29.1,29.1,0
2022/05/19,72,64.1,60,56,54.6,54,80,71.7,57,14,7.5,0,29.1,29.1,29,0
2022/05/20,67,61.9,58,55,54,52,90,75.8,59,14,6.8,3,29,29,28.9,0.01
2022/05/21,71,64.6,60,54,52.4,51,80,65.2,51,12,6.5,3,29.2,29.1,29,0
2022/05/22,74,64.2,56,53,50.7,49,77,62.8,46,13,5.1,0,29.2,29.2,29.1,0
2022/05/23,74,62.3,57,55,52.4,50,81,70.9,51,14,6.4,0,29.1,29.1,29,0
2022/05/24,82,68.4,60,57,55,52,78,63.7,42,12,6.3,0,29,29,29,0
2022/05/25,81,68.5,60,58,55.9,53,81,66,44,13,6.3,0,29.1,29,29,0
2022/05/26,79,66.5,60,57,55.1,52,83,68.4,44,14,6.6,0,29.2,29.1,29.1,0
2022/05/27,75,65,60,53,52.2,51,78,64.3,44,12,5.6,0,29.2,29.2,29.1,0
2022/05/28,70,63.6,60,54,52.6,51,80,68.2,54,10,6.2,0,29.1,29.1,29,0
2022/05/29,75,65.3,58,53,51.7,49,81,63.1,41,14,6.9,0,29,29,28.9,0
2022/05/30,76,65.2,59,54,51.8,46,81,63.9,36,14,6.8,0,29,29,28.9,0
2022/05/31,79,68.6,59,54,51.8,49,75,57,35,10,6.9,3,29,29,29,0
2022/06/01,89,73.9,61,58,53.6,49,70,51.1,31,12,5.3,0,29.1,29,29,0
2022/06/02,84,69.1,62,58,56.9,56,81,67.2,40,13,6.1,0,29,29,29,0
2022/06/03,77,67.6,63,57,56.4,56,81,68.2,50,13,6.7,0,29.1,29,29,0
2022/06/04,75,67.4,63,57,55.7,55,78,66.9,53,12,6.7,0,29.1,29.1,29.1,0
2022/06/05,80,68.4,62,59,56.5,55,80,67.1,43,12,4.8,0,29.1,29.1,29,0
2022/06/06,81,71.9,65,60,58.8,58,78,64.5,47,12,6.7,0,29.1,29,29,0
2022/06/07,84,72,64,61,59.5,57,84,66.5,44,12,6.8,0,29,29,29,0
2022/06/08,86,72.2,64,62,59.6,57,84,66.4,43,13,7.4,0,29,29,28.9,0
2022/06/09,89,72.9,64,61,59.6,58,81,65.3,39,12,6.6,0,29.1,29,29,0
2022/06/10,94,77,67,62,59.7,57,79,58,31,13,6.5,0,29.1,29.1,29,0
2022/06/11,90,77.4,66,61,56.4,49,81,51.8,29,14,6.8,0,29.1,29.1,29,0
2022/06/12,84,73.5,64,59,58.1,55,84,61,37,13,7.6,0,29,29,29,0
2022/06/13,80,70.6,65,60,58.2,57,78,65.6,50,13,7.9,3,29.1,29,29,0
2022/06/14,83,71.3,64,59,57.7,56,80,63.4,44,10,5.9,0,29.1,29,29,0
2022/06/15,90,72.6,64,62,59.5,57,81,65.6,39,13,6,0,29,29,29,0
2022/06/16,87,71.5,66,62,60.7,60,81,70.3,43,14,6.7,0,29,29,28.9,0
2022/06/17,77,67.7,63,61,56.8,51,87,69.7,48,14,7.2,0,29,29,29,0
2022/06/18,76,67.3,61,53,50.3,46,72,56,37,12,5.9,0,29.1,24.9,0,0
2022/06/19,80,70.7,59,53,49,39,64,48,23,14,6.9,0,29.2,23.3,0,0
2022/06/20,98,80.9,62,53,38.2,23,59,27.8,7,14,5.6,0,29.1,29.1,29,0
2022/06/21,89,78.8,69,57,51.3,42,55,39.5,21,13,6.5,0,29.1,29.1,29,0
2022/06/22,93,77.8,69,61,57.1,45,75,52.3,23,9,3.7,0,29.1,29.1,29,0.01
2022/06/23,94,80.5,68,59,52.9,34,73,44.1,14,12,6.1,0,29.1,29,29,0
2022/06/24,95,79.5,67,58,51.8,39,73,43.7,16,12,5.3,0,29.1,29,29,0
2022/06/25,95,77.7,64,59,51.6,35,78,47.9,13,12,5.4,0,29.1,29.1,29,0
2022/06/26,95,79.6,67,59,54.8,48,73,46.2,20,15,6.3,0,29.2,29.1,29.1,0
2022/06/27,100,84,69,58,52,38,68,37.9,12,14,6.3,0,29.2,29.2,29.1,0
2022/06/28,96,83.1,72,59,52.8,45,64,38.4,17,12,6.3,0,29.2,29.2,29.1,0
2022/06/29,93,80,68,62,55.9,47,71,46.7,24,14,7.5,0,29.2,29.2,29.1,0
2022/06/30,91,76.2,67,61,59.1,56,81,58.7,30,10,6.8,3,29.2,29.2,29.1,0
2022/07/01,88,75.8,67,60,56.1,45,76,54.3,22,13,6.9,0,29.2,29.1,29.1,0
2022/07/02,84,73.6,65,58,54.4,47,78,53.6,27,13,8.1,3,29.1,29.1,29,0
2022/07/03,80,69.9,63,57,54.8,52,78,59.9,43,14,7.2,0,29.1,29.1,29.1,0
2022/07/04,79,70.1,63,56,54.6,52,75,58.7,45,13,7.8,3,29.1,29.1,29.1,0
2022/07/05,83,71.7,64,59,56.3,54,75,59.5,41,12,6.8,3,29.1,29.1,29.1,0
2022/07/06,84,72.1,65,59,58.3,56,81,63.7,40,10,7.4,5,29.2,29.1,29.1,0
2022/07/07,90,75.9,65,58,56.4,51,78,53.5,26,13,5.4,0,29.2,29.1,29.1,0
2022/07/08,89,74.8,65,59,57.4,53,78,57.2,32,13,7.4,0,29.2,29.2,29.2,0
2022/07/09,89,74.7,63,59,57,48,87,58.9,24,12,6.2,0,29.3,29.2,29.2,0
2022/07/10,92,78.5,67,59,56.4,53,76,49.4,28,12,6.7,0,29.2,29.2,29.1,0
2022/07/11,87,74.2,65,59,58.1,55,81,59.8,35,14,7.6,0,29.1,29.1,29,0
2022/07/12,83,70.1,63,58,57.2,55,81,65.9,41,13,7.1,0,29.1,29.1,29,0
2022/07/13,85,70.6,62,59,57.5,56,84,65.6,40,14,6.8,0,29.1,29.1,29,0
2022/07/14,84,73.6,64,60,58,57,78,59.6,44,14,6.5,0,29.1,29.1,29.1,0
2022/07/15,91,77.6,68,63,60.4,58,76,56.9,38,13,7.3,0,29.1,29.1,29.1,0
2022/07/16,92,80.1,69,63,59.9,58,70,51.6,33,14,7.6,0,29.1,29.1,29,0
2022/07/17,97,79.5,70,62,59.5,49,71,52.3,19,14,6.4,0,29.1,29,29,0
2022/07/18,93,81.3,74,63,59.2,54,64,49,27,14,6.8,0,29.2,29.1,29.1,0
2022/07/19,95,82.2,71,56,51.4,40,59,37,15,13,5.6,0,29.2,29.1,29.1,0
2022/07/20,95,79.9,71,59,53.8,46,66,42.8,19,12,6.5,0,29.3,29.2,29.1,0
2022/07/21,92,78.5,70,60,55.8,49,66,47,27,13,5.8,0,29.2,29.1,29.1,0
2022/07/22,90,74.2,66,61,59.6,56,83,63.3,31,10,6.9,3,29.1,29.1,29,0
2022/07/23,88,73.7,67,62,61.1,60,81,66.1,40,14,6.2,0,29.1,29,29,0
2022/07/24,87,72.3,67,63,61.3,59,81,69.8,44,13,6.6,3,29.1,29.1,29,0
2022/07/25,88,73.4,65,63,60.5,59,81,66.2,40,12,6.1,0,29.1,29.1,29,0
2022/07/26,87,72.8,65,62,59.5,57,84,65,37,13,6.3,0,29.1,29.1,29.1,0
2022/07/27,88,73.8,64,60,57.5,52,80,59.9,29,13,6.5,0,29.2,29.1,29.1,0
2022/07/28,88,75.8,66,60,56.4,43,76,54.9,22,13,6.4,0,29.1,29.1,29,0
2022/07/29,92,77,68,61,59,54,76,56.5,29,13,6.9,3,29.1,29.1,29,0
2022/07/30,90,77,70,63,60.1,56,73,57.9,32,10,5.4,0,29.2,29.1,29.1,0
2022/07/31,93,80,73,64,56.1,46,73,45.9,29,13,5.6,0,29.2,29.2,29.1,0
2022/08/01,93,80.3,71,62,55,51,73,43.7,25,13,6,0,29.2,29.2,29.1,0
2022/08/02,89,78.4,70,62,59.3,55,76,54.6,31,12,5.7,0,29.2,29.2,29.1,0
2022/08/03,90,77.7,69,61,58.2,51,70,52.8,30,13,6,0,29.1,29.1,29,0
2022/08/04,87,77.2,70,62,60.4,55,73,57.5,33,10,6,0,29.1,29.1,29.1,0
2022/08/05,91,79.8,72,61,58.1,55,64,49.1,30,13,5.2,0,29.2,29.1,29.1,0
2022/08/06,99,83,70,62,55.2,40,63,42.2,14,12,5.2,0,29.1,29.1,29,0
2022/08/07,100,84.3,71,58,49.8,41,55,32.8,14,13,5.8,0,29.1,29.1,29,0
2022/08/08,94,82.9,74,61,58.2,54,57,44.1,29,13,6.5,0,29.1,29.1,29,0
2022/08/09,97,85.2,76,59,51.9,41,54,34.5,15,13,6.3,0,29.1,29.1,29.1,0
2022/08/10,96,85.1,75,59,52,39,48,33.6,14,12,5.4,0,29.2,29.2,29.1,0
2022/08/11,96,84,74,58,50.9,40,57,34.6,17,12,5.9,0,29.2,29.1,29.1,0
2022/08/12,97,82.4,72,58,51.3,44,59,36.7,16,13,5.6,0,29.1,29.1,29,0
2022/08/13,99,84.4,71,57,49,31,57,32.8,9,12,5.9,0,29.1,29.1,29.1,0
2022/08/14,96,83,72,55,50,40,53,33.3,17,12,6,0,29.1,29.1,29,0
2022/08/15,96,82.3,72,55,52.3,48,53,37.1,21,13,6.1,0,29.1,29,29,0
2022/08/16,97,83.2,71,57,53.4,46,55,37.7,18,12,5.5,0,29,29,28.9,0
2022/08/17,94,81.4,72,58,55.4,46,61,43.4,19,13,6.3,0,29.1,29.1,29,0
2022/08/18,90,77.6,69,57,54.7,50,65,47.3,27,13,6.5,0,29.1,29.1,29,0
2022/08/19,93,78,68,60,56.9,52,68,50.4,29,12,5.8,0,29.1,29,28.9,0
2022/08/20,87,75.5,69,64,62.3,60,78,64.4,44,12,6.5,0,29.1,29,29,0
2022/08/21,85,74.1,68,63,62.1,61,81,67,48,12,6.4,3,29.3,29.2,29.1,0
2022/08/22,88,73.6,67,64,62.2,61,84,68.9,43,12,6.1,0,29.2,29.1,29,0
2022/08/23,93,77.9,68,63,61.6,60,78,59.4,36,14,6.2,0,29.1,29,28.9,0
2022/08/24,91,78.7,70,65,63.3,62,78,60.8,39,14,6.9,0,29.1,29,29,0
2022/08/25,93,80.2,72,64,61.9,57,73,56.1,30,10,6.4,0,29.2,29.1,29.1,0
2022/08/26,91,78.2,70,63,61.1,54,78,58.6,29,13,6.3,0,29.1,29.1,29,0
2022/08/27,86,75,68,62,60.4,56,78,62.5,37,13,5.7,0,29.1,29,29,0
2022/08/28,84,73.4,67,62,60.6,59,81,65.6,44,12,6.6,0,29.1,29,29,0
2022/08/29,88,75.1,66,62,59.6,58,81,60.4,39,12,5.7,0,29.1,29.1,29,0
2022/08/30,97,83.3,69,60,55.9,44,68,42.8,20,10,3.9,0,29.1,29.1,29.1,0
2022/08/31,112,91.9,75,56,51.4,41,46,27.8,9,17,5.3,0,29.1,29,28.9,0
2022/09/01,102,91.7,81,63,57.2,46,52,32.3,21,16,7.6,0,29,28.9,28.9,0
2022/09/02,102,88.6,78,64,61.2,56,58,41,28,12,6,0,29,29,28.9,0
2022/09/03,107,92.9,80,65,61.2,55,56,36.2,24,15,6,0,29.1,29,29,0
2022/09/04,109,94.6,83,65,60.2,56,53,33.3,20,14,6.3,0,29.1,29,29,0
2022/09/05,104,91.3,80,68,65.8,63,67,45.2,26,9,5,0,29,28.9,28.9,0
2022/09/06,103,88,77,68,65.9,63,74,50.1,29,14,6.8,0,29.1,29,29,0
2022/09/07,104,90.3,80,67,62.9,56,60,42.5,20,12,4.6,0,29.1,29.1,29,0
2022/09/08,100,89.5,81,64,61,58,54,39.6,26,12,5.4,0,29.1,28.9,28.8,0
2022/09/09,99,85.2,73,72,63,55,87,51.3,29,24,8.2,0,28.9,28.8,28.7,0
2022/09/10,82,76.5,71,69,67.1,66,91,73.1,58,9,5.2,0,29.1,29,28.9,0.16
2022/09/11,90,81.3,77,68,66.6,64,74,61.6,42,12,4.8,0,29.2,29.2,29.1,0
2022/09/12,87,79.8,75,67,65.3,63,73,61.8,49,13,4.7,0,29.2,29.1,29.1,0
2022/09/13,86,77.4,72,65,61.8,54,76,59.5,41,12,6.5,0,29.1,29,29,0
2022/09/14,82,73.9,69,63,60.5,58,81,63.7,45,12,7.1,3,29.1,29.1,29,0
2022/09/15,82,75.2,69,60,58.3,56,70,55.9,42,12,6.1,0,29.2,29.1,29.1,0
2022/09/16,83,73,65,61,58.5,56,73,61.2,41,12,4.9,0,29.1,29.1,29,0
2022/09/17,80,70.2,66,60,58.9,57,79,68.1,48,8,4.8,0,29.1,29,28.9,0
2022/09/18,77,70.4,66,60,57.2,55,79,63.8,50,12,6.8,0,29,29,28.9,0
2022/09/19,81,70.3,62,61,55,46,76,61,29,12,4.5,0,29.1,29,29,0
2022/09/20,85,72.3,65,61,57.4,53,79,61.1,38,10,4.3,0,29.1,29.1,29,0
2022/09/21,83,72.8,62,54,49.9,40,75,48,22,10,3.7,0,29.1,29.1,29.1,0
2022/09/22,89,75,62,62,48.8,40,71,43.5,18,12,3.9,0,29.1,29.1,29,0
2022/09/23,93,78,62,56,47.5,40,63,36.4,18,12,4,0,29.1,29.1,29.1,0
2022/09/24,94,81,70,62,49.9,40,68,36.6,17,10,4,0,29.2,29.2,29.1,0
2022/09/25,95,81.8,70,60,53.4,46,59,39.8,20,9,3.6,0,29.2,29.1,29.1,0
2022/09/26,97,82.5,71,60,54.9,49,59,40.8,24,10,3.8,0,29.1,29.1,29,0
2022/09/27,100,84,72,60,56,51,58,40.5,20,10,3.9,0,29.1,29,29,0
2022/09/28,97,83,72,64,56.6,54,71,42,24,10,5,0,29.2,29.1,29.1,0
2022/09/29,90,77.6,69,64,59.8,54,73,55.8,35,13,4.9,0,29.2,29.1,29.1,0
2022/09/30,83,72,67,62,60.6,59,81,68.5,44,12,5.3,0,29.1,29.1,29,0
2022/10/01,78,69.7,65,59,57.3,56,78,65.2,46,13,5.9,0,29.1,29,29,0
2022/10/02,83,70.6,66,59,57.6,56,76,64.5,44,9,4.9,0,29.1,29.1,29.1,0
2022/10/03,84,72.5,64,62,58.9,56,78,63.5,44,9,3.8,0,29.2,29.1,29.1,0
2022/10/04,87,74.7,65,62,59,56,73,59.7,36,10,4.2,0,29.1,29.1,29,0
2022/10/05,86,73,65,62,60.9,56,83,67.4,44,10,5.1,0,29.2,29.1,29.1,0
2022/10/06,83,71.6,66,62,61.4,60,84,71.2,49,12,5.6,0,29.2,29.2,29.1,0
2022/10/07,87,72.8,66,62,61.1,60,81,68.4,41,12,5.2,0,29.2,29.2,29.1,0
2022/10/08,89,75,65,62,59.8,57,84,61.5,34,9,4,0,29.3,29.2,29.1,0
2022/10/09,84,71.3,65,62,60.2,56,87,70.2,43,10,5.6,0,29.2,29.2,29.1,0
2022/10/10,81,68.8,64,61,59.6,59,87,73.9,47,9,5.1,0,29.2,29.1,29.1,0
2022/10/11,80,70.6,66,62,59.8,59,81,69.5,48,18,5.4,0,29.2,29.2,29.1,0
2022/10/12,85,70.7,66,61,60,52,84,70.9,32,14,7.3,0,29.3,29.2,29.2,0.01
2022/10/13,80,69.1,65,61,60,58,81,73.7,52,10,5.6,0,29.2,29.1,29.1,0
2022/10/14,74,68.1,66,60,59.2,59,81,73.7,59,12,5.1,0,29.1,29,29,0
2022/10/15,70,65.7,64,62,59.8,55,93,81.8,61,12,5.3,0,29.1,29.1,29,0
2022/10/16,73,67,61,58,55.9,54,81,68,53,8,3,0,29.2,29.2,29.1,0.06
2022/10/17,84,69.8,59,58,55.5,53,81,62,40,12,3.5,0,29.2,29.2,29.1,0
2022/10/18,92,77.1,62,56,52.1,47,73,45.8,22,13,3.5,0,29.2,29.1,29.1,0
2022/10/19,95,80.8,67,49,45.5,42,52,31.2,17,9,3.3,0,29.2,29.2,29.1,0
2022/10/20,90,79.2,70,53,45.8,42,49,32,20,9,4.4,0,29.2,29.1,29,0
2022/10/21,82,70.4,63,61,58.6,51,84,67.8,44,10,5.9,0,29.1,29.1,29,0
2022/10/22,71,66.8,63,59,55.4,53,78,67.2,57,14,8.7,3,29.1,29,28.9,0
2022/10/23,75,64.6,59,55,47.1,29,78,57.9,18,16,6.2,0,29.2,29,28.9,0
2022/10/24,77,64.8,56,46,34.2,24,62,35.9,16,9,4.2,0,29.3,29.3,29.2,0
2022/10/25,79,65.5,54,43,31.1,24,43,29.3,14,9,2.6,0,29.3,29.2,29.1,0
2022/10/26,75,64,54,52,42.5,34,64,46.2,30,10,3.9,0,29.2,29.1,29.1,0
2022/10/27,78,63.3,54,51,45.7,40,70,54.3,25,7,2.9,0,29.2,29.2,29.1,0
2022/10/28,79,66.4,55,53,41.9,34,67,43.6,20,9,2.7,0,29.3,29.3,29.2,0
2022/10/29,81,66.4,54,49,38.6,33,53,37.5,22,8,2.8,0,29.3,29.2,29.2,0
2022/10/30,84,68.3,53,44,35,30,42,31,16,9,3,0,29.2,29.1,29.1,0
2022/10/31,82,68.7,56,54,37.8,27,65,35,15,7,3.2,0,29.1,29.1,29,0
2022/11/01,72,64.5,59,58,54.3,52,84,70.1,51,15,6.8,0,29.1,29.1,29,0
2022/11/02,69,57.2,0,56,44.2,0,96,62.1,0,15,6.6,3,29.2,29.2,29.1,0.1
2022/11/03,64,56.1,49,41,32.7,26,66,43.2,27,18,10.5,0,29.3,29.2,29.1,0.1
2022/11/04,70,57.7,46,38,31.8,24,54,39.7,18,12,3.8,0,29.4,29.4,29.3,0
2022/11/05,73,59.8,48,43,37.2,34,61,44.9,25,10,3.6,0,29.3,29.2,29.1,0
2022/11/06,71,61.2,51,52,44.4,39,75,55.1,35,10,4.6,0,29.1,29.1,29,0
2022/11/07,61,50,0,58,47.2,0,97,75.7,0,13,7.7,0,29.2,29.1,29.1,0.02
2022/11/08,64,38.2,0,56,34.4,0,96,55.1,0,25,10.7,0,29.1,29,28.9,0.21
2022/11/09,65,54.5,49,48,41.4,30,86,63.9,28,12,3.9,0,29.3,29.2,29.1,1.03
2022/11/10,69,56,42,39,33.7,27,70,46.2,22,9,2.9,0,29.3,29.3,29.2,0
2022/11/11,70,57.4,45,32,27.8,16,58,35.5,13,7,2.3,0,29.3,29.2,29.2,0
2022/11/12,70,57.3,46,39,30.7,24,59,38.8,18,10,2.9,0,29.3,29.2,29.2,0
2022/11/13,71,58.1,46,38,31.8,20,63,40,14,18,7.1,0,29.2,29.2,29.1,0
2022/11/14,68,56.6,45,35,31.3,26,60,40.8,21,9,3.1,0,29.3,29.3,29.2,0
2022/11/15,71,60,44,35,25.6,10,63,32.2,11,25,6.7,0,29.3,29.3,29.2,0
2022/11/16,74,65.4,50,22,8.9,-3,33,12.4,5,21,10.6,0,29.4,29.4,29.3,0
2022/11/17,75,58.3,46,25,20.6,15,37,25.4,11,10,3,0,29.4,29.3,29.2,0
2022/11/18,70,57,44,47,32.6,22,67,42.6,17,10,3,0,29.2,29.1,29.1,0
2022/11/19,75,63.4,51,28,13.6,8,38,15.8,8,10,4,0,29.3,29.2,29.2,0
2022/11/20,74,59.4,46,22,15.6,10,33,20.1,9,10,3.3,0,29.4,29.3,29.3,0
2022/11/21,73,59.8,47,23,16.5,8,34,20.8,8,7,3,0,29.3,29.3,29.2,0
2022/11/22,74,58,47,25,20.5,9,36,25.8,9,8,1.5,0,29.3,29.2,29.2,0
2022/11/23,73,57.8,45,38,25.2,16,46,30.8,13,8,2.7,0,29.3,29.2,29.2,0
2022/11/24,78,62.6,48,31,16.6,-6,52,22.1,4,22,6.2,0,29.4,29.3,29.3,0
2022/11/25,74,58.7,45,25,19.2,13,36,23.5,10,9,3,0,29.5,29.4,29.3,0
2022/11/26,71,56.6,44,48,31.4,21,71,42.5,16,8,2.5,0,29.3,29.3,29.2,0
2022/11/27,73,57.3,44,51,37.2,27,90,51.8,19,9,3.7,0,29.3,29.2,29.2,0
2022/11/28,62,56.2,53,51,48,44,90,74.3,58,10,4.3,0,29.2,29.1,29,0
2022/11/29,63,54.7,47,49,44.6,41,83,70.1,46,9,2.5,0,29.2,29.1,29.1,0
2022/11/30,61,53.7,47,47,44.4,41,83,71.3,52,13,4.5,0,29.2,29.2,29.1,0
2022/12/01,55,53.7,51,47,43.9,42,86,69.6,64,13,8.2,5,29.3,29.2,29.1,0
2022/12/02,58,53.2,50,53,49.5,47,96,87.8,70,14,7.5,0,29.3,29.3,29.2,0.06
2022/12/03,70,58.1,50,53,50.1,48,96,76.7,47,9,2.4,0,29.3,29.3,29.2,0.07
2022/12/04,60,56.6,52,56,52.9,47,96,87.6,77,7,1.9,0,29.3,29.3,29.2,0
2022/12/05,61,55.2,48,55,48.8,41,100,80.9,49,8,2,0,29.2,29.2,29.1,0.01
2022/12/06,59,51.5,47,47,43,40,83,73.7,49,10,3.2,0,29.3,29.2,29.2,0
2022/12/07,59,50.3,42,44,40.3,38,86,70,49,9,1.9,0,29.4,29.4,29.3,0
2022/12/08,61,50,40,42,37.1,32,83,63.3,34,10,3.5,0,29.5,29.4,29.4,0
2022/12/09,62,50,40,42,36.8,32,77,62,35,9,2.1,0,29.3,29.3,29.3,0
2022/12/10,60,52.5,42,52,45.3,36,94,76.7,60,18,6.9,0,29.3,29.3,29.2,0
2022/12/11,57,53,45,54,47.6,32,96,83.7,40,24,11.6,0,29.2,29.1,29,0.69
2022/12/12,54,46.5,43,41,38.5,36,93,74.7,53,10,4.5,0,29.1,29.1,29,0.64
2022/12/13,58,47,37,37,34.3,31,83,63,39,10,3,0,29.3,29.2,29.1,0.09
2022/12/14,61,48,38,41,34.8,31,83,62.7,32,9,2,0,29.4,29.3,29.3,0
2022/12/15,60,50.4,40,38,34.4,31,79,56.4,33,5,1.4,0,29.3,29.3,29.3,0
2022/12/16,65,52.7,45,34,29.8,24,61,44.2,22,7,1.8,0,29.3,29.3,29.2,0
2022/12/17,62,50.8,39,29,23.6,19,56,36.5,19,7,3,0,29.3,29.2,29.1,0
2022/12/18,64,50,37,33,27.3,20,65,44.1,19,8,2.2,0,29.3,29.2,29.1,0
2022/12/19,65,50,37,35,29.7,24,70,48.9,21,8,2.4,0,29.4,29.4,29.3,0
2022/12/20,68,53,42,43,33.9,26,71,51.5,23,8,1.5,0,29.4,29.4,29.3,0
2022/12/21,74,57,42,41,32.1,26,73,42.6,18,9,2.3,0,29.3,29.3,29.2,0
2022/12/22,69,56.2,46,39,35.6,33,66,48.1,27,6,1.4,0,29.3,29.2,29.2,0
2022/12/23,69,55.8,45,45,40.2,37,76,57.8,35,8,2.5,0,29.4,29.3,29.2,0
2022/12/24,80,60.8,46,40,36.7,31,71,45.1,17,10,2.3,0,29.4,29.4,29.3,0
2022/12/25,82,65.1,50,38,34.2,30,52,34,16,8,2.3,0,29.4,29.3,29.3,0
2022/12/26,79,63.6,53,41,36.2,31,55,37.9,19,7,2.5,0,29.3,29.3,29.2,0
2022/12/27,63,55.9,52,51,45.7,39,93,70.5,41,10,3.1,0,29.2,29.1,29.1,0
2022/12/28,61,54.1,49,51,49.2,46,97,84.3,58,10,4.1,0,29.2,29.1,29,0.34
2022/12/29,56,53.7,52,51,49.8,49,93,86.5,77,13,4.1,0,29.2,29.2,29.1,0
2022/12/30,58,55,53,54,51.6,50,96,88.4,78,7,3.7,0,29.3,29.3,29.2,0.05
2022/12/31,57,55.2,54,55,53.9,53,100,95.4,93,21,11.1,6,29.3,29.1,28.9,0.03
2023/01/01,58,53,47,54,42.9,32,96,70.9,40,16,6.4,0,29,28.9,28.9,0.96
2023/01/02,54,49.9,45,44,38.4,32,80,65.2,50,12,5.7,0,29.2,29.1,29,0.01
2023/01/03,58,52.7,48,53,48.9,44,97,87,75,15,8.3,0,29.3,29.2,29.2,0.09
2023/01/04,59,56.2,54,57,54.5,50,100,94.1,83,17,11.8,8,29.3,29.2,29.2,0.01
2023/01/05,61,54,47,55,49.5,44,100,85.9,58,21,11.2,0,29.4,29.2,29.1,0
2023/01/06,65,51.6,42,46,40.5,33,89,67.5,37,9,2.8,0,29.4,29.4,29.3,0
2023/01/07,66,54.5,45,42,37.9,33,74,56,31,9,3.2,0,29.4,29.3,29.3,0
2023/01/08,64,55.3,45,44,40.3,38,80,58.9,38,7,2.9,0,29.4,29.3,29.3,0
2023/01/09,57,53.1,51,53,50.6,43,97,91.3,59,22,15.1,3,29.3,29.2,29.2,0.02
2023/01/10,59,54.3,49,57,50.4,44,100,87.5,64,18,9.4,0,29.3,29.2,29.1,2.38
2023/01/11,60,51,43,48,43.4,40,89,76.3,55,7,1.7,0,29.5,20.7,0,0.88
2023/01/12,67,56.8,45,44,41.2,38,86,58.5,36,9,4.1,0,29.4,21.2,0,0
2023/01/13,64,55.5,48,42,39,35,71,55.8,35,6,1.8,0,29.3,29.3,29.2,0
2023/01/14,54,51.4,49,52,47.1,40,97,85.5,61,16,7.5,0,29.2,29.1,29,0
2023/01/15,56,51.4,48,49,47.2,46,93,86.1,69,21,7,0,29.1,29,28.9,1.07
2023/01/16,57,52.1,47,50,45.1,39,96,78,57,16,9.5,0,29,28.9,28.8,0.56
2023/01/17,58,49.5,41,40,33.3,30,86,56.6,35,14,7.9,0,29.2,29.1,29,0.01
2023/01/18,59,48.1,38,41,35,31,76,61.9,35,6,2.4,0,29.4,29.3,29.2,0
2023/01/19,57,48.2,38,47,37.4,31,86,67.7,45,14,3.8,0,29.3,29.3,29.2,0
2023/01/20,59,49.3,42,43,31.5,22,74,52.1,26,9,4,0,29.4,29.4,29.3,0.02
2023/01/21,63,49.3,37,34,30.7,24,82,52.5,24,12,2.9,0,29.5,29.4,29.4,0
2023/01/22,65,49.7,38,31,26,6,68,43.8,15,21,5.3,0,29.3,29.2,29,0
2023/01/23,65,55,45,27,15.1,7,44,22.3,13,17,9.5,0,29.3,29.2,29.1,0
2023/01/24,66,51.8,38,33,27.4,23,62,41.5,20,8,2.8,0,29.5,29.4,29.4,0
2023/01/25,71,55.6,40,30,26.8,22,60,36.5,16,9,2.3,0,29.5,29.4,29.4,0
2023/01/26,70,60.8,49,27,20.4,13,43,23.2,11,22,10.2,0,29.5,29.5,29.4,0
2023/01/27,68,54,42,32,27.8,23,58,38.8,19,9,2.5,0,29.4,29.3,29.1,0
2023/01/28,61,50.5,41,46,39,30,77,65.2,44,9,3.6,0,29.2,29.1,29.1,0
2023/01/29,55,51.1,47,45,43,39,90,74.1,55,14,8.2,0,29.1,29.1,29,0
2023/01/30,56,49.3,46,45,41,27,96,74.9,41,9,4.9,0,29.1,26.3,0,0.31
2023/01/31,63,55.4,47,22,7.8,-1,32,16.6,8,32,13.4,0,29.3,29.2,29.1,0.07
2023/02/01,66,53.5,41,27,17.6,4,46,25.9,14,12,4.5,0,29.4,29.3,29.3,0
2023/02/02,67,53.5,40,32,27.1,20,58,39.2,17,7,2.1,0,29.5,29.4,29.4,0
2023/02/03,70,56.8,47,35,30.6,22,61,39.8,16,9,3.8,0,29.4,29.4,29.3,0
2023/02/04,71,56.1,43,41,34.3,29,66,46.5,23,10,2.3,0,29.4,29.3,29.3,0
2023/02/05,64,55.7,51,52,45.2,33,97,70.3,43,16,5.8,0,29.4,29.3,29.3,0
2023/02/06,68,57,50,33,25.1,15,52,32.2,14,14,9.5,3,29.4,29.4,29.3,0.01
2023/02/07,68,57.5,48,32,27.5,21,48,32.7,21,12,4.1,0,29.4,29.4,29.4,0
2023/02/08,73,57.7,45,34,30.3,27,56,37.9,19,12,2.7,0,29.4,29.4,29.3,0
2023/02/09,77,63,48,32,27.6,18,50,28.7,16,10,4,0,29.4,29.4,29.3,0
2023/02/10,74,60.5,47,28,21.8,11,44,25.6,10,8,2.5,0,29.4,29.3,29.1,0
2023/02/11,58,52.3,46,46,37.8,28,80,59.3,35,16,8.2,0,29.1,29.1,29,0
2023/02/12,58,49.7,41,44,39.9,35,82,70,42,13,4.5,0,29.1,29,29,0
2023/02/13,61,51.4,43,48,43,38,83,73.7,50,14,5.4,0,29.1,29.1,29,0
2023/02/14,56,51.1,43,46,37.2,18,86,62.3,25,18,6.3,0,29.1,29.1,29,0
2023/02/15,62,50.1,40,30,16.4,5,62,29.8,10,21,9.6,0,29.4,29.3,29.1,0
2023/02/16,60,50.1,40,21,14.2,6,45,25.7,12,8,3.7,0,29.4,29.4,29.3,0
2023/02/17,65,53.3,42,20,13.9,8,40,22.9,12,12,3,0,29.3,29.2,29.1,0
2023/02/18,66,52.6,41,29,19.7,12,49,29.7,13,12,2.4,0,29.2,29.2,29.1,0
2023/02/19,66,53,40,35,27.6,20,55,39.9,17,13,4,0,29.3,29.2,29.2,0
2023/02/20,73,58.6,44,34,31.4,28,63,38.9,20,10,4.2,0,29.3,29.2,29.1,0
2023/02/21,63,54.3,48,50,41,31,82,62.2,39,22,9.7,0,29.1,28.9,28.8,0
2023/02/22,53,46.6,41,35,28.7,20,63,51.1,27,21,8.5,0,29.1,29,28.8,0
2023/02/23,50,44.1,41,39,35.9,31,86,73.3,54,15,6.9,0,29.2,29.1,29.1,0
2023/02/24,53,47.9,43,50,45.1,37,97,89.8,76,39,19.6,9,29.2,29.1,28.9,0.53
2023/02/25,47,42.8,41,45,39.5,36,96,88.3,81,15,7.1,0,29.1,29.1,29,4.81
2023/02/26,51,44.9,39,39,37,34,93,75.4,54,9,3.4,0,29.3,29.3,29.1,1.53
2023/02/27,48,46.4,43,46,42.5,37,93,86.4,73,16,8,0,29.3,29.3,29.2,0
2023/02/28,56,47.1,42,46,43.1,38,97,87.2,57,13,4.5,0,29.3,29.2,29.1,0.47
2023/03/01,50,47.3,46,46,33.6,23,93,62.8,36,24,10.4,0,29.1,29,28.9,1.06
2023/03/02,61,50.3,41,39,30.9,25,76,49.4,29,16,6.4,0,29.3,29.2,29.1,0.05
2023/03/03,61,50,39,42,39,34,86,67.4,47,10,2.4,0,29.2,29.1,29.1,0
2023/03/04,57,49.8,42,44,40.4,37,86,70.6,59,15,6,0,29.2,29.1,29.1,0
2023/03/05,55,50.6,46,45,42.3,38,87,73.3,64,13,6.7,0,29.3,29.3,29.2,0
2023/03/06,57,50.7,45,43,40,35,86,68.4,44,9,4,0,29.3,29.3,29.3,0.02
2023/03/07,59,50.2,41,40,35.2,27,82,59.3,31,12,3.7,0,29.3,29.3,29.2,0
2023/03/08,59,49.2,41,41,37.8,34,82,66.3,46,12,2.8,0,29.3,29.3,29.3,0
2023/03/09,67,55.6,44,45,38.3,30,76,54.8,25,10,4.8,0,29.3,29.3,29.2,0
2023/03/10,55,52.4,49,54,50.3,42,100,93.1,64,16,10.5,5,29.3,29.2,29.1,0
2023/03/11,63,57.5,55,58,55.2,53,97,92,81,12,6.8,0,29.3,29.2,29.2,0.8
2023/03/12,57,57,57,55,55,55,93,93,93,0,0,0,29.3,29.3,29.3,0
2023/03/13,67,57.2,53,54,51.1,49,94,80.8,58,9,4,0,29.3,29.3,29.2,0
2023/03/14,57,55.1,54,55,53,52,100,92.7,87,17,10.9,0,29.3,29.2,29.1,0
2023/03/15,60,56.7,52,58,53,48,100,87.6,72,18,10.8,0,29.2,29.1,29.1,1.54
2023/03/16,59,53.6,50,49,46.5,44,92,77.7,58,10,4.4,0,29.3,29.2,29.2,0.01
2023/03/17,69,56.3,44,47,42.3,34,90,63.1,33,9,2.6,0,29.2,29.2,29.1,0
2023/03/18,73,61.1,48,47,33,23,72,39.4,15,13,2.6,0,29.2,29.2,29.2,0
2023/03/19,62,55.6,52,51,44.9,36,97,70.3,42,14,7.2,0,29.2,29.1,29.1,0
2023/03/20,59,54.5,52,52,48.9,46,97,81.9,67,13,6.1,0,29.1,29.1,29,0.05
2023/03/21,57,49.9,47,50,45.8,42,96,86.1,62,24,11.8,0,29,28.9,28.8,0.39
2023/03/22,52,49,46,47,44.8,42,93,85.7,71,14,7,0,29.3,29.2,29,0.88
2023/03/23,57,52.2,48,48,44.3,37,93,75.5,55,9,2.2,0,29.4,29.3,29.3,0.29
2023/03/24,64,55.5,50,34,30.3,25,54,39.1,28,22,14,8,29.4,29.4,29.3,0
2023/03/25,66,53.3,41,36,28.7,23,73,42,20,14,6.6,0,29.3,29.3,29.2,0
2023/03/26,63,54.6,48,26,21.7,15,41,28.8,16,21,13.1,3,29.3,29.3,29.2,0
2023/03/27,69,56,42,29,24.7,19,58,33.4,15,8,3,0,29.3,29.3,29.3,0
2023/03/28,69,57.7,48,46,29.1,24,80,36.6,19,15,6.3,0,29.3,29.2,29.2,0
2023/03/29,56,50.7,45,48,41.9,35,93,73.3,51,22,10.5,3,29.2,29.1,29.1,0
2023/03/30,57,47.4,44,43,40.4,38,89,77.4,53,10,5.6,0,29.3,29.1,29,0.76
2023/03/31,64,52.2,40,46,39.7,34,86,64.8,34,10,2.9,0,29.4,29.3,29.3,0.08
2023/04/01,70,57.5,44,46,38.8,34,83,53.5,27,10,4.4,0,29.3,29.3,29.2,0
2023/04/02,66,55.6,46,48,43.5,39,83,65.6,37,12,5.5,0,29.3,29.2,29.1,0
2023/04/03,59,53.6,49,47,31.1,12,83,49.1,18,28,13,0,29.2,29.1,29.1,0
2023/04/04,61,53.2,46,32,22.1,17,43,30.6,20,17,13.1,9,29.3,29.3,29.2,0
2023/04/05,67,55.6,43,35,28,18,56,36.7,22,12,3.9,0,29.3,29.3,29.2,0
2023/04/06,72,59.7,47,33,25.9,18,50,30.4,14,10,4.3,0,29.3,29.2,29.2,0
2023/04/07,71,60.7,53,39,34.2,30,53,38.1,26,14,4.2,0,29.2,29.2,29.2,0
2023/04/08,70,59.3,50,51,46.3,40,81,63.3,46,10,4.5,0,29.3,29.2,29.2,0
2023/04/09,82,60.5,51,52,50.8,49,100,74.9,34,9,3.8,0,29.3,29.3,29.2,0
2023/04/10,81,65,55,52,50.6,48,84,63,35,12,5.2,0,29.2,29.2,29.1,0
2023/04/11,73,57,52,54,51.3,50,100,83.4,49,10,5.1,0,29.2,29.1,29.1,0
2023/04/12,60,55.2,53,52,50.8,50,93,85.6,69,9,4.8,0,29.1,29,29,0
2023/04/13,56,52.9,51,52,49.9,47,97,89.5,75,12,5.6,0,29.1,29,28.9,0.02
2023/04/14,61,53.7,50,49,47.1,44,96,79.5,57,10,4.5,0,29.2,29.1,29,0.17
2023/04/15,71,58.5,48,49,46,43,86,65.5,44,12,4.3,0,29.3,29.3,29.2,0
2023/04/16,68,56.9,50,52,48.8,45,89,75.1,55,12,5.9,0,29.3,29.2,29.1,0
2023/04/17,64,56.3,52,49,48.3,46,89,75.4,58,10,5.5,0,29.2,29.1,29.1,0
2023/04/18,63,57.9,54,48,45.9,40,80,65.2,49,13,6,0,29.2,29.1,29.1,0
2023/04/19,72,60.8,49,45,34.6,21,80,43.1,15,18,6.2,0,29.3,29.2,29.2,0
2023/04/20,81,66,49,39,32.8,25,61,33,15,10,4.3,0,29.3,29.3,29.2,0
2023/04/21,88,73.5,56,40,34.8,31,49,26.7,14,12,4.3,0,29.3,29.2,29.1,0
2023/04/22,87,73.3,61,50,43.9,39,54,36.5,21,10,4,0,29.1,29,29,0
2023/04/23,76,65.4,57,54,52.2,48,87,63.8,46,14,7.7,3,29,29,29,0
2023/04/24,71,61.6,57,55,53.1,52,87,74.9,57,13,6.2,0,29.1,29.1,29,0
2023/04/25,71,61.2,56,54,51.9,50,88,72.7,53,12,5.9,0,29.1,29.1,29,0
2023/04/26,84,66.1,53,54,51.4,46,93,63.5,29,10,3.6,0,29.2,29.1,29.1,0
2023/04/27,79,61.2,53,55,52.6,51,97,76.8,39,12,5.8,0,29.1,29.1,29.1,0
2023/04/28,76,61,53,55,52.4,51,96,76.3,46,14,5.2,0,29.2,29.1,29.1,0
2023/04/29,82,61,54,56,52.4,51,93,76.4,40,14,5.3,0,29.2,29.2,29.1,0
2023/04/30,70,59.1,55,55,52.6,51,89,79.6,59,13,6.8,0,29.1,29.1,29,0
2023/05/01,63,57,53,53,50.5,44,97,80.3,56,14,8.3,3,29,29,29,0.01
2023/05/02,62,54.2,50,47,43.1,38,80,67.3,41,16,8.9,3,29.1,29.1,29,0.04
2023/05/03,61,54.5,48,46,42,38,80,64,42,15,6.7,0,29.1,29.1,29,0
2023/05/04,60,52.9,50,49,46.7,43,94,80.6,55,18,7.7,0,29.2,29.1,29,0.61
2023/05/05,63,56.8,53,49,44.9,40,86,66,44,12,4.8,0,29.3,29.2,29.1,0.17
2023/05/06,65,58,50,47,44.9,43,83,63,45,14,4.7,0,29.3,29.2,29.2,0
2023/05/07,69,59.3,50,50,46.9,45,83,65.3,43,13,5.2,0,29.3,29.2,29.2,0
2023/05/08,70,60,54,52,49.6,47,86,69.9,47,10,4.5,0,29.2,29.2,29.1,0
2023/05/09,64,57.7,54,51,49,45,86,73.3,60,12,6.5,0,29.2,29.1,29.1,0
2023/05/10,66,58.2,53,49,47.7,46,83,68.7,52,14,6.7,0,29.2,29.2,29.1,0
2023/05/11,68,59.7,53,51,49,47,86,68.6,54,9,3.7,0,29.2,29.2,29.1,0
2023/05/12,75,62.9,54,55,52,49,83,69,48,12,5.4,0,29.2,29.1,29.1,0
2023/05/13,81,64.7,56,57,54.6,52,87,72.1,44,13,6.7,0,29.1,29,29,0
2023/05/14,82,64.7,58,58,56.3,55,93,76.3,44,12,6,0,29.2,29.1,29,0
2023/05/15,74,63.9,59,58,55.9,54,87,75.6,57,12,5.4,0,29.2,29.2,29.2,0
2023/05/16,78,63.3,57,58,55.3,54,96,77.1,48,12,5.2,0,29.2,29.2,29.1,0
2023/05/17,80,62.4,55,57,54.7,53,96,78.2,45,14,5.9,0,29.1,29.1,29,0
2023/05/18,74,62.9,58,57,55.1,54,90,76.7,53,10,5.9,0,29.1,29.1,29,0
2023/05/19,69,61.6,57,57,55.5,54,90,81,65,12,6.4,0,29.2,29.2,29.1,0
2023/05/20,76,64.7,59,59,56.5,55,87,75.8,54,13,6.8,0,29.2,29.2,29.2,0
2023/05/21,77,65.1,59,59,56.8,55,90,75.4,54,14,6.4,0,29.2,29.2,29.1,0
2023/05/22,72,63.5,58,59,57,56,97,80,61,12,5.9,0,29.1,29.1,29.1,0
2023/05/23,63,59.5,58,57,56.1,53,97,88.5,75,10,5.5,0,29.1,29.1,29.1,0
2023/05/24,66,59.9,56,55,53.2,51,97,79.6,60,10,5.4,0,29.1,29.1,29.1,0
2023/05/25,64,59.4,56,51,49.6,48,84,70.4,58,10,6.7,3,29.1,29.1,29,0
2023/05/26,66,60.3,57,51,48.4,46,81,65.3,52,13,5.1,0,29.1,29.1,29.1,0
2023/05/27,70,61.5,57,52,50.1,48,78,66.8,53,12,5.3,0,29.1,29.1,29.1,0
2023/05/28,65,60.5,57,54,52.2,51,83,74.5,65,8,4.1,0,29.1,29.1,29.1,0
2023/05/29,68,61.9,59,54,53.1,52,83,73.2,59,9,6,3,29.2,29.1,29.1,0
2023/05/30,66,61,58,53,50.5,48,81,68.9,54,10,5.3,0,29.1,29.1,29.1,0
2023/05/31,64,60.4,57,51,49.8,48,78,68.3,58,13,5.1,0,29.1,29.1,29.1,0
2023/06/01,64,60.4,58,53,51.7,50,84,73.5,65,8,4.6,0,29.1,29.1,29.1,0
2023/06/02,72,63.7,59,53,52.1,51,81,66.9,51,13,5.3,0,29.2,29.1,29.1,0
2023/06/03,75,63.4,54,55,52.8,49,87,69.6,50,13,5.3,0,29.1,29.1,29.1,0
2023/06/04,75,62.3,58,57,54.6,54,87,76.7,51,13,6.6,0,29.1,29.1,29,0
2023/06/05,63,58.9,57,54,52,49,89,78.3,63,9,5.8,0,29.1,29.1,29,0
2023/06/06,64,60.1,57,50,47.4,44,72,63.1,48,12,7.2,5,29.1,29.1,29,0
2023/06/07,66,60.4,57,52,51.1,50,83,72.2,59,9,3,0,29.2,29.1,29.1,0
2023/06/08,71,62,53,55,52.2,48,87,71.4,53,12,5,0,29.2,29.2,29.1,0
2023/06/09,69,61.1,57,55,53.7,53,88,77.2,61,10,5.3,0,29.2,29.2,29.1,0
2023/06/10,68,61.4,58,56,54.2,53,90,77.8,63,10,4.4,0,29.1,29.1,29,0
2023/06/11,65,60.4,57,56,54.4,52,96,81.2,65,10,6,0,29.2,29.1,29,0
2023/06/12,67,62.6,60,54,52.5,51,80,69.9,60,8,3.5,0,29.2,29.2,29.2,0
2023/06/13,71,63.4,59,54,53.4,51,83,70.4,55,8,3.7,0,29.2,29.2,29.1,0
2023/06/14,67,61,57,56,54.1,53,89,78.5,68,9,4.7,0,29.1,29.1,29.1,0
2023/06/15,67,62,58,57,55.6,54,93,80,68,8,4,0,29.1,29.1,29.1,0
2023/06/16,76,65.3,61,58,56.8,55,87,74.5,54,10,4.8,0,29.2,29.1,29.1,0
2023/06/17,82,66.5,59,61,58,57,93,76.6,47,12,4.9,0,29.2,29.1,29.1,0
2023/06/18,73,64.6,61,59,56.7,55,87,76.5,59,13,6.8,0,29.1,29.1,29,0
2023/06/19,71,64.1,61,56,54.2,53,81,70.7,57,12,7,0,29.2,29.1,29.1,0
2023/06/20,76,66.7,56,54,52,45,84,61.3,34,12,5.5,0,29.2,29.1,29.1,0
2023/06/21,78,67.9,57,53,49.8,46,74,54.4,36,13,5.4,0,29.1,29.1,29.1,0
2023/06/22,71,62.4,56,53,51.1,48,90,67.7,49,14,7.9,0,29.2,29.1,29.1,0
2023/06/23,76,63.6,56,51,48.5,46,80,59.7,35,14,5.8,0,29.2,29.2,29.1,0
2023/06/24,78,65.9,56,54,50.3,46,77,58.9,39,14,5.7,0,29.2,29.2,29.2,0
2023/06/25,76,64.8,56,54,52.1,49,90,66,38,14,5.2,0,29.2,29.2,29.1,0
2023/06/26,77,66.4,57,55,52.5,50,83,62.6,45,13,5.8,0,29.2,29.1,29,0
2023/06/27,79,67.6,58,55,52.7,50,81,60.6,40,12,5.4,0,29.1,29,29,0
2023/06/28,75,65.2,57,56,54.3,53,89,69.2,50,13,6.5,0,29.1,29.1,29,0
2023/06/29,79,66.1,57,57,55.2,54,88,69.4,46,10,5.3,0,29.1,29.1,29,0
2023/06/30,85,71.1,61,61,57.1,55,81,62.9,44,10,6,0,29.1,29.1,29,0
2023/07/01,88,71.9,60,62,58.7,56,87,65.9,42,13,6.3,0,29.1,29.1,29,0
2023/07/02,87,72.4,62,62,58.7,57,86,64.7,40,12,6,0,29.1,29.1,29,0
2023/07/03,86,71.3,62,60,57.8,56,84,64.8,40,13,5.8,0,29.1,29.1,29,0
2023/07/04,84,66.4,58,58,55.2,49,90,70.5,29,14,7.1,3,29.1,29.1,29.1,0
2023/07/05,85,65.4,58,55,53.9,47,90,71.1,28,13,6.3,0,29.1,29.1,29.1,0
2023/07/06,78,65.2,58,55,54.4,52,87,70.3,43,13,6.3,0,29.1,29.1,29,0
2023/07/07,77,66,59,55,54.5,52,87,68.2,45,13,6.4,0,29.1,29,29,0
2023/07/08,79,67.7,59,57,55.9,54,83,67.3,46,13,6.4,0,29.1,29,29,0
2023/07/09,84,68,60,58,56.4,55,86,68.2,37,12,6.1,0,29.1,29.1,29,0
2023/07/10,89,73.8,60,58,53.9,44,80,54.3,21,10,5,0,29.1,29.1,29,0
2023/07/11,91,76.8,63,57,49.9,35,81,44.2,14,12,4,0,29.2,29.1,29.1,0
2023/07/12,92,80.2,69,56,42.3,25,61,29.7,9,10,4.1,0,29.2,29.1,29.1,0
2023/07/13,92,78.9,68,55,48.6,40,63,37.9,17,12,5.8,0,29.1,29.1,29.1,0
2023/07/14,94,79.2,67,55,48.8,42,57,36.2,20,10,4.9,0,29.1,29,29,0
2023/07/15,92,77.8,67,61,56.7,51,66,49.5,33,13,5.8,0,29.1,29,29,0
2023/07/16,90,77.1,67,64,61.3,60,79,59.9,42,13,6.6,0,29.1,29.1,29,0
2023/07/17,95,79.9,72,64,61.3,55,71,54.8,30,15,6.3,0,29.1,29.1,29.1,0
2023/07/18,93,80,70,62,58,51,73,50.2,24,14,6.4,0,29.1,29.1,29.1,0
2023/07/19,95,80.3,69,61,55.2,44,75,46.4,18,13,5.6,0,29.2,29.1,29.1,0
2023/07/20,95,81.3,71,60,55.5,44,66,44.3,17,13,6.2,0,29.2,29.1,29.1,0
2023/07/21,89,79,70,62,56.8,51,66,47.5,33,14,5.7,0,29.1,29.1,29,0
2023/07/22,93,77.7,66,63,58.4,47,79,54.4,27,14,6,0,29.1,29,29,0
2023/07/23,91,75,65,64,61.9,59,87,65.6,38,13,5.8,0,29.1,29.1,29,0
2023/07/24,96,80,68,66,63,62,81,58.9,35,13,5.9,0,29.2,29.1,29.1,0
2023/07/25,98,82.5,71,64,61.5,57,73,51.7,29,12,6,0,29.2,29.1,29.1,0
2023/07/26,98,83,71,62,57.4,49,70,45,19,13,5.8,0,29.1,29.1,29,0
2023/07/27,96,82,72,62,57.8,54,64,45.3,25,12,5.9,0,29.1,29.1,29,0
2023/07/28,91,77.6,70,64,62.5,61,78,61.1,41,15,6.5,0,29.1,29.1,29.1,0
2023/07/29,94,79.8,70,65,63.1,60,81,59,36,12,5.6,0,29.2,29.1,29.1,0
2023/07/30,96,79,70,66,63.8,61,76,60.6,35,13,5.9,0,29.1,29.1,29,0
2023/07/31,93,81.2,72,65,62.5,59,76,55.2,32,16,6.4,0,29.1,29.1,29.1,0
2023/08/01,90,79.1,72,65,61.7,58,76,57.1,34,12,5.3,0,29.2,29.1,29.1,0
2023/08/02,90,77.3,69,61,55.7,44,73,51.2,22,13,6.4,0,29.2,29.2,29.1,0
2023/08/03,86,73.2,62,57,52.1,44,81,50.4,27,13,5.8,0,29.2,29.1,29.1,0
2023/08/04,86,73,63,60,58.4,56,84,62.1,38,9,5.3,0,29.1,29.1,29,0
2023/08/05,91,76.3,66,63,60.1,57,79,59.8,33,13,5,0,29.1,29.1,29,0
2023/08/06,93,77,65,62,58.1,52,81,55.4,29,13,6,0,29.2,29.1,29.1,0
2023/08/07,88,74,64,62,57.7,52,90,60.5,29,13,6.5,0,29.2,29.2,29.1,0
2023/08/08,87,74.9,63,63,57.4,46,84,57.7,29,14,7.2,0,29.2,29.2,29.1,0
2023/08/09,81,72.8,68,64,62.8,61,81,71.4,50,13,6.1,0,29.2,29.1,29.1,0
2023/08/10,80,69.9,66,63,61,58,90,74.4,48,12,6,0,29.2,29.1,29.1,0
2023/08/11,81,70.3,64,62,61.6,61,90,74.9,52,13,5.9,0,29.2,29.1,29.1,0
2023/08/12,84,73.2,65,63,61.4,59,90,68.8,45,12,6.7,3,29.2,29.1,29.1,0
2023/08/13,85,73.4,66,64,62.2,60,84,69.4,49,12,6.5,0,29.2,29.1,29.1,0
2023/08/14,90,74.5,65,65,62.9,62,90,69.7,42,13,5.9,0,29.1,29.1,29,0
2023/08/15,93,77.6,66,65,62.9,62,90,63.8,37,9,4.3,0,29.2,29.1,29.1,0
2023/08/16,97,81.4,69,63,60.3,57,78,52,28,12,6.3,0,29.1,29.1,29,0.01
2023/08/17,93,77.6,66,61,59.7,53,84,57.3,27,13,6.3,0,29.1,29,29,0
2023/08/18,91,75.5,64,60,56,45,87,56.1,20,13,5.8,0,29.1,29,28.9,0
2023/08/19,81,73,64,60,57.8,53,78,59.8,42,13,4.1,0,29,29,29,0
2023/08/20,77,71.3,67,70,66.6,58,100,86.5,54,14,6.5,0,29,28.8,28.7,0
2023/08/21,80,67.5,62,66,60.8,57,100,81.2,48,21,9.3,0,29.2,29.1,29,3.56
2023/08/22,85,73.9,64,62,60.2,59,87,64.2,43,9,4.3,0,29.2,29.1,29.1,0
2023/08/23,89,76,66,63,60.4,58,79,60.7,38,10,4.3,0,29.1,29.1,29,0
2023/08/24,84,71.8,64,63,60.5,54,93,70.4,38,12,6.4,0,29.1,29.1,29.1,0
2023/08/25,86,73,63,61,59.3,54,93,65.6,33,12,4.9,0,29.1,29.1,29,0
2023/08/26,91,77.3,63,60,55.2,43,81,51.6,19,10,3,0,29.1,29.1,29.1,0
2023/08/27,97,82.1,66,60,50.2,41,66,36.2,14,9,3.4,0,29.1,29.1,29,0
2023/08/28,102,85.5,72,59,51.9,44,51,34.2,15,9,3,0,29.1,29,29,0
2023/08/29,99,84.8,72,58,54.2,49,55,36.9,19,9,3.7,0,29.1,29,29,0
2023/08/30,95,81.8,70,64,54.8,49,67,41.3,23,14,5.1,0,29,29,29,0
2023/08/31,85,75.4,67,65,61.2,54,93,63.4,37,14,5.9,0,29,29,29,0
2023/09/01,82,71.7,66,64,62.7,61,90,74.3,50,15,8.9,0,29.1,29.1,29,0
2023/09/02,75,69.7,66,67,65.5,63,100,86.9,71,15,7.4,0,29.2,29.2,29.1,0.02
2023/09/03,76,70,66,66,59.3,53,90,70.3,50,10,4.8,0,29.2,29.2,29.1,0.02
2023/09/04,77,68.7,61,60,57.5,55,83,68.3,52,10,4,0,29.1,29.1,29,0
2023/09/05,75,68.3,64,61,60.1,59,87,75.6,62,9,4.6,0,29.1,29.1,29,0
2023/09/06,83,71.7,67,60,58.9,57,79,65.3,44,10,4.7,0,29.2,29.1,29.1,0
2023/09/07,80,67.6,62,60,57.4,55,84,71.3,47,8,2.4,0,29.1,29.1,29.1,0
2023/09/08,95,83.4,67,60,51.6,40,61,36.4,17,10,4.3,0,29.2,29.2,29.1,0
2023/09/09,96,83.8,73,62,56.5,45,64,41.4,25,12,6.2,0,29.2,29.1,29.1,0
2023/09/10,98,83.2,74,62,59.8,57,62,46.5,25,15,6.5,3,29.1,29.1,29,0
2023/09/11,89,78.7,72,63,59,54,64,51.4,36,10,4.5,0,29.1,29.1,29.1,0
2023/09/12,83,74.5,66,62,58.5,55,78,58.3,38,13,5.8,0,29.1,29.1,29.1,0
2023/09/13,78,68.9,64,61,60.1,59,90,74.7,52,10,6,0,29.2,29.1,29.1,0
2023/09/14,76,67.7,64,61,59.5,57,90,76.2,56,10,5.5,0,29.1,29.1,29.1,0
2023/09/15,77,67.1,63,61,60.4,60,93,80.2,58,13,4.5,0,29.2,29.1,29.1,0
2023/09/16,72,66.5,64,61,60.7,60,90,81.6,68,10,5.1,0,29.2,29.1,29.1,0
2023/09/17,72,66.3,63,63,60.9,59,100,83.3,66,9,3.6,0,29.2,29.1,29.1,0
2023/09/18,75,68.3,64,59,56.2,54,78,65.8,53,12,4.6,0,29.2,29.1,29.1,0
2023/09/19,77,65.4,60,60,58.1,56,96,78.7,52,10,3.8,0,29.1,29.1,29.1,0
2023/09/20,73,65.3,62,61,57.1,53,94,76.4,51,10,4.4,0,29.1,29.1,29,0
2023/09/21,71,65.5,62,59,56.4,53,87,72.9,59,13,6.7,0,29.1,29.1,29.1,0.01
2023/09/22,72,64.3,57,57,54,47,87,69.7,53,10,4,0,29.2,29.1,29.1,0
2023/09/23,77,67.6,59,57,56,55,87,67.7,48,10,4.8,0,29.2,29.2,29.1,0
2023/09/24,81,67.7,58,58,55.8,50,90,68.7,35,9,4.8,0,29.2,29.2,29.1,0
2023/09/25,80,67,56,59,55.4,46,87,67.7,45,10,3.8,0,29.3,29.2,29.2,0
2023/09/26,85,69.9,57,59,53.5,49,83,58.9,32,10,3.4,0,29.2,29.2,29.1,0
2023/09/27,82,70.4,61,62,55,46,87,60.2,35,10,4.4,0,29.1,29.1,29,0
2023/09/28,76,65.5,61,61,59.3,55,100,81.8,56,10,5.6,0,29.1,29,29,0
2023/09/29,70,65.2,63,60,57,55,87,74.9,61,7,5.3,0,29.1,29,29,0
2023/09/30,68,63.5,60,58,54.9,50,84,73.9,61,13,7.8,0,29,29,29,0
2023/10/01,67,60.7,56,51,48.5,44,84,65.3,44,13,5.8,0,29.1,29.1,29,0
2023/10/02,71,61.7,52,57,50.4,46,87,67.8,47,9,4.1,0,29.2,29.1,29.1,0
2023/10/03,83,68.8,56,56,49.7,44,90,55.2,26,13,3.7,0,29.2,29.1,29.1,0
2023/10/04,89,75.1,60,53,48,43,64,41.2,21,10,3.9,0,29.1,29.1,29,0
2023/10/05,95,79,64,53,45.2,38,57,34.4,14,12,3.3,0,29.2,29.1,29.1,0
2023/10/06,96,80.4,65,51,44.9,41,52,31.4,15,9,3.6,0,29.1,29.1,29,0
2023/10/07,94,78.1,66,58,49.9,42,57,39.5,17,8,3.8,0,29.1,29.1,29,0
2023/10/08,91,75.5,66,61,56,50,81,53.4,27,9,3.3,0,29.1,29,29,0
2023/10/09,82,66.8,59,61,58.1,56,100,76,43,12,4.8,0,29.1,29,29,0
2023/10/10,74,64.5,59,59,57.5,55,93,79.1,55,10,5,0,29,29,28.9,0
2023/10/11,77,67.5,61,59,49.5,34,90,58.5,25,15,5.2,0,28.9,28.9,28.8,0
2023/10/12,81,67,56,56,50.8,44,78,57.3,35,10,3.8,0,29,28.9,28.9,0
2023/10/13,81,67.2,57,59,50.2,40,84,57.1,27,12,3.5,0,29.1,29.1,29,0
2023/10/14,83,69.4,58,57,47.2,39,84,48.9,23,10,3,0,29.2,29.2,29.1,0
2023/10/15,91,74.1,57,47,43,31,62,35.8,12,10,2.7,0,29.2,29.2,29.1,0
2023/10/16,89,73.5,59,55,46.9,40,61,40.6,22,9,3.1,0,29.2,29.1,29.1,0
2023/10/17,84,71.2,59,60,53.5,46,81,55.1,34,7,4,0,29.1,29.1,29,0
2023/10/18,93,73,60,61,54.6,45,81,56.6,20,12,4.1,0,29.1,29.1,29,0
2023/10/19,93,76.5,63,61,53.6,48,84,49.6,24,8,3.2,0,29.1,29.1,29.1,0
2023/10/20,94,78.9,65,58,45.9,31,61,34.2,11,10,4.4,0,29.1,29.1,29,0
2023/10/21,86,72.5,64,56,50.8,44,73,48,32,10,4.5,0,29.1,29,29,0
2023/10/22,74,64.6,57,59,55.6,51,84,73.5,50,12,6.2,0,29,29,28.9,0
2023/10/23,72,64.7,61,57,55.3,53,87,72.7,53,10,4.8,0,29,28.9,28.9,0
2023/10/24,74,63,56,59,56.3,52,100,80,52,9,3.2,0,29.1,29,29,0
2023/10/25,68,63.6,61,59,57.4,55,93,80.7,63,9,5.4,0,29.2,29.2,29.1,0
2023/10/26,72,64,59,57,53.1,46,84,69.3,45,9,4.5,0,29.2,29.2,29.1,0
2023/10/27,71,61.2,55,53,51.1,49,83,70.6,47,10,2.4,0,29.2,29.2,29.1,0
2023/10/28,72,60.6,50,53,47.7,43,83,64.3,36,10,4.5,0,29.2,29.1,29.1,0
2023/10/29,77,67.7,53,45,11.6,-2,69,16.8,6,30,13.6,0,29.3,29.2,29.1,0
2023/10/30,79,63.7,48,26,18,8,34,19.2,7,5,2.5,0,29.3,29.2,29.2,0
2023/10/31,82,65.2,50,25,19.5,15,31,18.9,10,8,2.6,0,29.3,29.2,29.2,0
2023/11/01,83,66.7,51,27,20.2,12,31,19.2,7,7,2.3,0,29.3,29.2,29.1,0
2023/11/02,84,66.9,51,30,25.3,19,41,23.2,9,8,2,0,29.3,29.2,29.2,0
2023/11/03,84,66.3,52,40,32.1,24,47,30.3,12,7,1.8,0,29.3,29.2,29.1,0
2023/11/04,81,65.5,53,46,37.3,32,56,37.5,20,8,3.1,0,29.3,29.2,29.2,0
2023/11/05,82,66.4,54,49,41.8,36,64,43.8,19,9,2.6,0,29.2,29.1,29.1,0
2023/11/06,76,63,52,59,48.9,39,96,63.4,34,12,3.9,0,29.2,29.1,29.1,0
2023/11/07,70,62.3,58,57,49.6,34,90,67.2,32,15,5,0,29.2,29.2,29.1,0
2023/11/08,75,67.8,59,34,22.8,14,39,20.1,11,23,14.8,0,29.3,29.2,29.2,0
2023/11/09,76,67.9,54,19,13.8,10,21,12.8,9,24,8.2,0,29.3,29.2,29.2,0
2023/11/10,75,60,47,28,18.4,8,38,21.5,9,8,2.1,0,29.3,29.2,29.1,0
2023/11/11,79,61.9,47,27,21,15,36,22.2,10,7,2.2,0,29.3,29.2,29.2,0
2023/11/12,82,65.6,49,27,20.8,13,35,20.3,8,8,2,0,29.2,29.2,29.1,0
2023/11/13,74,60.8,51,43,32.2,23,50,36,15,12,3.8,0,29.2,29.2,29.1,0
2023/11/14,78,61.4,46,36,32.1,28,58,36.5,16,8,1.3,0,29.2,29.2,29.1,0
2023/11/15,67,50.3,0,56,42.3,0,100,66.4,0,17,5.8,0,29.2,29.1,29.1,0
2023/11/16,70,57.1,0,57,52.3,0,97,79.3,0,12,3.4,0,29.2,29.2,29.1,0.31
2023/11/17,72,61.2,51,58,53.5,47,93,77.6,41,13,4.3,0,29.2,29.1,29.1,0
2023/11/18,67,61.4,59,58,56.8,54,96,85.1,66,12,6.1,0,29.3,29.2,29.1,0.03
2023/11/19,69,62,53,58,38.3,28,93,47,22,21,10.7,0,29.3,29.2,29.2,0.01
2023/11/20,74,59.7,48,38,31.9,18,63,38.9,12,13,4.2,0,29.4,29.3,29.2,0
2023/11/21,78,61.8,48,33,28.4,25,50,30.8,15,9,2.6,0,29.5,29.4,29.4,0
2023/11/22,78,64.1,50,34,27.8,21,44,27.6,13,8,3.9,0,29.4,29.2,29.1,0
2023/11/23,70,60.6,53,55,43.6,30,84,56.2,32,14,6,0,29.1,29,28.9,0
2023/11/24,67,57.9,52,51,46.2,39,86,67.2,36,10,3.1,0,29.2,29.1,29,0
2023/11/25,66,55.6,48,45,37.5,21,83,54.2,25,8,2,0,29.3,29.2,29.2,0
2023/11/26,67,56.6,45,30,24.8,20,56,31.7,17,10,3.3,0,29.3,29.2,29.2,0
2023/11/27,70,57.5,45,29,25.1,19,52,31.5,14,9,2,0,29.3,29.2,29.2,0
2023/11/28,70,57.4,47,33,29.2,25,50,36.3,20,9,3,0,29.3,29.3,29.2,0
2023/11/29,62,54,46,51,41.8,32,86,64.7,45,8,2.7,0,29.2,29.1,29.1,0
2023/11/30,64,55.2,47,51,45.3,36,90,71.2,45,10,3.1,0,29.1,29.1,29.1,0
2023/12/01,65,57.4,51,38,32.9,29,59,40.6,26,14,9.4,0,29.3,29.2,29.1,0
2023/12/02,65,54,44,49,38.7,30,77,57.6,37,10,3.1,0,29.4,29.3,29.3,0
2023/12/03,67,54.9,44,45,41.3,36,80,61.7,40,8,2.5,0,29.4,29.3,29.3,0
2023/12/04,79,61.6,47,46,37.3,30,71,44.8,17,6,2,0,29.3,29.3,29.2,0
2023/12/05,81,65,52,40,36.5,34,57,37.3,18,6,1.7,0,29.3,29.3,29.2,0
2023/12/06,74,60.7,52,55,43.9,35,90,58.3,25,10,3.7,0,29.3,29.2,29.2,0
2023/12/07,66,57.3,47,53,36.6,21,90,52.6,22,21,6.9,0,29.3,29.2,29.2,0
2023/12/08,67,55.3,46,45,38.9,27,74,55.6,33,9,3,0,29.3,29.2,29.2,0
2023/12/09,70,55.7,44,35,25.3,13,61,34.9,13,8,2.5,0,29.4,29.4,29.2,0
2023/12/10,72,56.8,43,21,16.8,9,42,23.3,9,7,3.6,0,29.4,29.3,29.2,0
2023/12/11,73,57.3,46,32,24.7,16,54,30.8,14,7,2.1,0,29.2,29.1,29,0
2023/12/12,67,53.8,41,48,36.9,27,83,55.4,30,7,1.4,0,29.1,29.1,29,0
2023/12/13,72,53.2,43,51,42.3,26,86,69.7,18,9,1.6,0,29.3,29.2,29.1,0
2023/12/14,73,56.8,44,40,30.8,23,77,41.4,15,6,1.6,0,29.4,29.3,29.3,0
2023/12/15,74,60.2,46,29,24.1,19,44,27.3,13,8,3.3,0,29.4,29.3,29.2,0
2023/12/16,78,61.5,49,28,23.6,19,39,25.6,11,9,3.3,0,29.3,29.2,29.2,0
2023/12/17,76,63.2,52,30,25,21,34,24.7,13,7,2.5,0,29.3,29.2,29.1,0
2023/12/18,67,61.8,57,49,35.7,26,64,39.4,25,10,4.2,0,29.2,29.1,29.1,0
2023/12/19,63,48,0,56,45.4,0,100,74.6,0,12,5.8,0,29.1,29.1,29,0
2023/12/20,61,58,57,58,56.5,55,100,95.3,83,15,9.8,6,29.1,29.1,29,0
2023/12/21,62,58.7,56,59,56,53,100,90.9,72,14,7.3,0,29.2,29.1,29.1,0
2023/12/22,64,59,51,54,49.1,45,93,70.4,56,14,6,0,29.1,29.1,29,0.92
2023/12/23,64,54.6,47,53,48.7,44,93,81.2,56,8,2.3,0,29.2,29.2,29.1,0.02
2023/12/24,65,55.6,50,51,46.6,44,93,73.2,47,9,2.9,0,29.3,29.3,29.2,0
2023/12/25,68,54.8,43,48,43.8,39,86,68.2,37,8,2.2,0,29.4,29.3,29.3,0
2023/12/26,68,56.3,47,50,46.6,44,90,71.7,47,5,1.4,0,29.3,29.3,29.3,0
2023/12/27,65,55.8,48,53,46.8,41,90,73.3,50,8,2.4,0,29.4,29.3,29.3,0
2023/12/28,65,52,47,51,46.1,39,100,82.4,45,7,2,0,29.4,29.3,29.3,0
2023/12/29,65,55.5,48,53,45.8,38,93,71.7,44,9,3.9,0,29.3,29.3,29.2,0
2023/12/30,60,54.6,48,52,50.1,46,100,85.6,64,16,6.4,0,29.3,29.2,29.2,0.01
2023/12/31,58,52.1,46,50,46.6,44,93,82.3,65,9,2.4,0,29.3,29.3,29.2,0.38
2024/01/01,65,53.1,45,44,39,32,86,62.1,30,6,1.3,0,29.3,29.3,29.2,0
2024/01/02,64,52.4,42,49,41.5,36,86,68.3,43,9,2.4,0,29.4,29.4,29.3,0
2024/01/03,59,52.5,48,50,43.2,33,100,74.1,42,15,6.1,0,29.3,29.2,29.2,0.02
2024/01/04,62,53.3,44,35,33,31,71,46.9,34,20,9.2,0,29.3,29.3,29.2,0.17
2024/01/05,63,51.5,42,42,34.3,32,73,53.8,33,8,3.4,0,29.4,29.3,29.3,0
2024/01/06,63,51.2,39,48,36.7,28,83,60.9,27,12,4,0,29.3,29.2,29.1,0
2024/01/07,53,49.6,46,46,28,20,80,45.3,27,25,14.1,0,29.2,29.1,29,0
2024/01/08,61,50,44,30,20.8,11,53,33.8,14,16,5.8,0,29.5,29.4,29.2,0
2024/01/09,62,49.2,38,34,25.1,16,60,42.2,18,7,2.3,0,29.4,29.3,29.2,0
2024/01/10,60,48.8,38,42,36.5,31,80,63.8,39,10,3.4,0,29.2,29.1,29.1,0
2024/01/11,61,51.9,44,44,22.4,10,85,37.6,13,24,12.6,3,29.3,29.2,29,0
2024/01/12,62,48.3,37,30,23,17,55,38.6,21,7,1.8,0,29.4,29.3,29.3,0
2024/01/13,63,49.5,39,46,34.4,29,80,58.5,31,8,3.1,0,29.3,29.2,29.2,0
2024/01/14,61,49.5,41,48,41,35,86,73.1,54,7,1.6,0,29.3,29.2,29.1,0
2024/01/15,67,53.1,43,50,44.3,39,89,73.8,45,7,2.3,0,29.3,29.2,29.2,0
2024/01/16,72,55.5,44,51,43.4,38,100,67.3,30,9,2.6,0,29.3,29.2,29.2,0
2024/01/17,58,54.1,51,51,49.9,48,100,86.3,70,6,2.4,0,29.3,29.2,29.2,0
2024/01/18,66,54.7,47,52,47.3,42,94,77.7,47,8,2.4,0,29.3,29.2,29.2,0
2024/01/19,67,57.3,50,50,46.3,43,86,68.2,42,10,3,0,29.3,29.2,29.1,0
2024/01/20,57,54.4,53,53,50.8,47,100,88,72,9,5.5,0,29.1,29.1,29,0
2024/01/21,62,56.2,53,54,52.2,48,100,87.4,62,10,4.9,0,29.1,29.1,29,0.2
2024/01/22,57,55.4,53,55,53.4,52,100,93.1,83,18,7.3,0,29.1,28.9,28.9,0
2024/01/23,69,55.4,46,50,45.6,39,100,74.8,35,18,6.7,0,29.2,29.1,29,0.48
2024/01/24,60,53.4,48,51,46.8,43,90,79,60,5,1.7,0,29.3,29.3,29.2,0
2024/01/25,66,56.1,51,54,51.2,45,100,85.2,50,9,3.9,0,29.3,29.3,29.3,0
2024/01/26,73,57.9,46,44,41.3,37,83,57.3,27,10,2.5,0,29.4,29.4,29.3,0
2024/01/27,75,61.9,49,41,36.8,32,66,42.4,22,7,3.5,0,29.4,29.3,29.3,0
2024/01/28,77,63.4,52,41,37.8,29,61,42,22,12,3.6,0,29.3,29.3,29.3,0
2024/01/29,78,63.3,50,40,37.5,32,66,42.3,19,8,3,0,29.3,29.3,29.2,0
2024/01/30,76,61.8,50,46,40.1,35,66,47.5,23,6,2,0,29.3,29.2,29.1,0
2024/01/31,67,56.9,51,52,45.5,39,86,67,40,13,7.1,0,29.2,29.1,29,0
2024/02/01,55,51.6,48,49,47,44,93,84.3,74,21,8.2,0,29,28.9,28.9,0.08
2024/02/02,62,52.2,45,47,43.7,39,97,74.9,46,13,3.5,0,29.2,29.1,29,0.88
2024/02/03,58,50.9,44,43,41.6,38,93,71.8,47,16,4.8,0,29.2,29.2,29.1,0
2024/02/04,57,51.6,49,52,46.8,40,100,84.8,55,28,16.6,0,29.2,29.1,29,0.04
2024/02/05,55,52.7,51,54,51.5,47,100,95.9,80,23,10.5,0,29.1,29,28.9,3.05
2024/02/06,53,49.4,46,51,47.6,40,100,93.9,77,9,3.2,0,28.9,28.9,28.8,1.78
2024/02/07,56,49.3,45,48,43.7,40,97,82.2,57,15,4.6,0,29.1,29,28.9,1.01
2024/02/08,56,48.3,39,46,39.3,34,93,73,49,9,3.4,0,29.2,29.2,29.1,0.36
2024/02/09,59,50.3,43,44,37.4,30,93,64.1,39,17,4.1,0,29.3,29.2,29.1,0.02
2024/02/10,64,54,45,32,26.1,17,60,37.7,18,17,7.5,0,29.3,29.2,29.1,0
2024/02/11,63,50.8,38,33,28.6,21,70,45.6,21,9,2.9,0,29.4,29.3,29.3,0
2024/02/12,66,52.4,40,36,31.1,26,73,47.9,24,9,2.4,0,29.3,29.3,29.2,0
2024/02/13,65,52.9,41,48,40,33,86,63.8,36,13,3.8,0,29.2,29.2,29.1,0
2024/02/14,63,53.5,46,46,44.1,41,93,72.1,46,9,2.8,0,29.4,29.3,29.2,0
2024/02/15,67,54.4,45,52,46.6,41,96,77.1,47,9,3.1,0,29.4,29.3,29.3,0
2024/02/16,68,56.3,51,52,48.9,45,93,77.8,47,10,3.5,0,29.3,29.3,29.2,0
2024/02/17,60,53.4,50,51,49.5,47,100,87.3,67,8,3.5,0,29.3,29.2,29.2,0
2024/02/18,63,56.9,53,53,50,48,97,78.2,60,10,4,0,29.3,29.2,29.2,0
2024/02/19,56,54.2,53,55,53.2,51,100,96.7,90,17,11.8,3,29.3,29.2,29.2,0.13
2024/02/20,58,54.6,53,55,53.4,52,100,95.9,87,17,9.5,3,29.3,29.3,29.2,0
2024/02/21,63,55.3,50,53,48.7,45,100,80.2,54,12,4.7,0,29.3,29.3,29.2,1.49
2024/02/22,68,55.3,47,48,45.9,41,97,73.3,39,9,2.8,0,29.4,29.3,29.3,0.14
2024/02/23,75,61.7,49,43,37.3,27,80,44.9,17,9,2.5,0,29.3,29.2,29.2,0
2024/02/24,73,62.1,55,44,39.6,31,64,45.8,22,12,3.8,0,29.2,29.2,29.2,0
2024/02/25,68,58.1,51,49,44.1,38,75,61.3,33,10,1.8,0,29.3,29.2,29.2,0
2024/02/26,63,55.1,51,52,47.7,44,90,77.1,50,9,2.2,0,29.3,29.2,29.1,0
2024/02/27,63,56.7,51,52,49.9,48,96,78.9,60,10,3.3,0,29.2,29.1,29.1,0.09
2024/02/28,70,57.9,46,54,48.6,43,96,73.4,45,9,3.7,0,29.3,29.2,29.2,0
2024/02/29,60,56.5,53,53,49.3,44,90,77.4,64,12,7.1,3,29.3,29.3,29.3,0
2024/03/01,60,54.8,52,53,48.6,45,97,80.3,60,14,7.8,0,29.3,29.3,29.2,0
2024/03/02,57,53.5,50,53,50.9,46,97,91.2,80,16,6.4,0,29.2,29.2,29.1,0.21
2024/03/03,59,51.9,47,49,46,39,97,82,48,13,4.5,0,29.2,29.2,29.1,0.3
2024/03/04,62,52.9,46,46,43.5,41,89,72,46,10,1.9,0,29.3,29.2,29.2,0.06
2024/03/05,63,54,45,47,45,42,90,72.8,52,10,3.5,0,29.3,29.2,29.1,0
2024/03/06,59,52.4,48,52,48,43,97,85.6,55,14,7.1,0,29.2,29.1,29,0
2024/03/07,65,54.4,46,48,44.7,37,93,72.6,36,12,5.1,0,29.2,29.1,29,0.84
2024/03/08,73,55.7,44,51,43.5,27,90,68.2,19,13,4.6,0,29.3,29.3,29.2,0.02
2024/03/09,70,58,45,43,37.9,28,76,50.1,21,10,4.1,0,29.3,29.3,29.2,0
2024/03/10,51,50.5,50,39,37.5,36,66,61,56,0,0,0,29.3,29.3,29.3,0
2024/03/11,64,54.5,47,50,42.8,37,83,65.8,42,14,4.5,0,29.3,29.2,29.2,0
2024/03/12,65,56.8,52,52,48.1,45,89,73.7,54,12,5.1,0,29.3,29.3,29.2,0
2024/03/13,71,60,51,50,41.3,33,86,53.9,27,16,8,0,29.2,29.1,29.1,0
2024/03/14,67,60.7,52,41,19.4,7,66,23.1,13,44,18.3,0,29.1,29,28.9,0
2024/03/15,66,59.1,53,48,36,28,75,43.8,26,12,4.8,0,29.1,29,28.9,0
2024/03/16,67,57.1,50,48,39.9,27,80,56.6,22,13,4,0,29.2,29.2,29.1,0
2024/03/17,68,57.1,47,48,44,38,83,62.7,43,10,3.2,0,29.3,29.2,29.2,0
2024/03/18,77,61.2,51,52,46.2,41,80,61.3,28,12,5.5,0,29.2,29.2,29.1,0
2024/03/19,71,61.2,51,50,47,43,83,61,44,10,4.1,0,29.2,29.2,29.1,0
2024/03/20,73,61.1,52,52,49.1,46,89,66.2,44,10,4.6,0,29.2,29.2,29.1,0
2024/03/21,71,57.7,53,53,51.3,50,96,81.2,49,10,4.5,0,29.3,29.3,29.2,0
2024/03/22,71,58.8,52,53,50.7,48,89,76.1,44,10,4.3,0,29.3,29.2,29.1,0
2024/03/23,62,55.8,52,54,48.9,41,100,78.8,48,22,9.5,3,29.2,29.1,28.9,0
2024/03/24,60,52.6,45,45,39.6,35,83,63,39,15,6.9,0,29,29,28.9,0.33
2024/03/25,64,55.8,47,48,39.4,36,86,55.8,38,12,7.9,3,29.2,29.1,29,0.01
2024/03/26,65,55.1,47,47,44,42,86,67.9,46,13,4.9,0,29.3,29.2,29.1,0
2024/03/27,68,57.2,47,48,43.4,40,80,61.5,42,13,3.9,0,29.4,29.3,29.3,0
2024/03/28,66,56.9,48,51,44.9,29,83,65.8,33,12,3.4,0,29.3,29.2,29.1,0
2024/03/29,59,53.8,50,47,43,32,83,68.1,36,17,11,5,29.1,29.1,29,0
2024/03/30,55,50.1,48,50,46,41,100,86.7,59,20,12.3,5,28.9,28.9,28.8,0.73
2024/03/31,60,53.6,48,46,43,40,93,69,51,21,9.1,0,29,28.9,28.9,0.75
2024/04/01,69,58.4,48,46,43.8,42,80,60.2,42,13,6,0,29.3,29.1,29,0.06
2024/04/02,75,63.2,50,44,41.2,35,77,48.5,23,12,4.8,0,29.4,29.4,29.3,0
2024/04/03,75,63.1,53,50,44.6,39,83,53.4,28,12,5,0,29.4,29.3,29.1,0
2024/04/04,60,54.2,48,50,45.1,35,89,72,53,21,10.1,0,29.1,29.1,29,0
2024/04/05,57,49,44,43,37.1,31,89,65.7,39,23,9.5,0,29.2,29.1,29.1,0.05
2024/04/06,62,51.5,40,38,33.9,30,77,52.7,35,9,4.6,0,29.4,29.4,29.3,0.01
2024/04/07,65,54.4,44,38,34.7,31,73,50,29,10,4,0,29.3,29.2,29.1,0
2024/04/08,76,60.7,45,39,31.2,14,74,40.2,10,20,8.2,0,29.2,29.1,29.1,0
2024/04/09,78,67.6,55,35,29,20,37,25.3,14,15,8,0,29.3,29.2,29.2,0
2024/04/10,82,68.3,54,49,37.7,30,60,35,18,9,3.7,0,29.3,29.2,29.1,0
2024/04/11,85,67.7,56,52,46.2,41,81,50.3,21,10,4.6,0,29.1,29.1,29,0
2024/04/12,58,55.8,53,51,49.4,46,93,79.8,67,15,8,0,29.2,29.1,29,0
2024/04/13,60,52.7,46,52,45.6,41,97,78.5,49,20,10.3,0,29.3,29.2,29.2,0
2024/04/14,54,49.8,43,50,46.9,42,97,90,77,13,5.8,0,29.3,29.3,29.2,0.35
2024/04/15,67,52.9,43,47,45.1,42,100,78,49,9,2.4,0,29.3,29.2,29.2,0.25
2024/04/16,82,65,49,51,44.5,37,83,51.9,21,12,3.3,0,29.2,29.2,29.1,0
2024/04/17,78,65.5,54,51,45.4,39,75,51.1,29,12,4.5,0,29.2,29.2,29.1,0
2024/04/18,72,61.9,55,52,49.9,46,87,66.3,44,13,5.4,0,29.2,29.1,29.1,0
2024/04/19,67,58.8,55,52,50.5,49,87,75,54,12,5.5,0,29.2,29.1,29.1,0
2024/04/20,71,59,53,53,51.3,50,90,76.8,53,10,4.8,0,29.2,29.2,29.1,0
2024/04/21,79,62.7,54,57,53.8,50,93,75.2,45,13,5.6,0,29.2,29.1,29.1,0
2024/04/22,69,60.3,57,56,54.3,53,93,81.4,61,13,5.8,0,29.1,29.1,29,0
2024/04/23,66,59.4,56,53,50.3,46,87,72.6,54,10,6.4,0,29.2,29.2,29.1,0
2024/04/24,65,58.9,55,49,47.7,46,80,66.9,56,12,5.9,0,29.2,29.2,29.2,0
2024/04/25,64,58,54,49,47,45,80,67.1,52,14,8,0,29.3,29.2,29.2,0
2024/04/26,69,60.1,53,50,49,43,89,68.2,40,14,4.9,0,29.2,29.1,29,0
2024/04/27,70,61,53,51,46.8,43,86,61.9,39,10,5.5,0,29.2,29.1,29.1,0
2024/04/28,73,63,52,50,46.3,42,71,55.6,41,12,4.7,0,29.2,29.1,29.1,0
2024/04/29,76,67.1,55,51,47.3,40,74,51.1,30,15,5.9,0,29.1,29.1,29,0
2024/04/30,75,63.3,55,54,52.1,49,93,69.1,45,12,7.1,3,29.1,29,29,0
2024/05/01,71,61.8,57,54,51.7,48,88,70.7,51,13,5.2,0,29.1,29,29,0
2024/05/02,71,60.1,55,55,53,50,93,78.4,55,10,5.3,0,29.1,29.1,29,0
2024/05/03,69,61.6,57,54,53.3,52,89,75.1,57,10,6,3,29.1,29,29,0
2024/05/04,64,58.7,56,54,51.4,50,87,77.1,63,13,7.4,3,29.1,29.1,29,0
2024/05/05,68,57.4,52,54,41.3,18,100,64.5,15,21,9.1,0,29.2,29.1,29,0.02
2024/05/06,72,60.5,50,47,42.8,27,80,54.7,32,14,5.8,0,29.2,29.1,29.1,0
2024/05/07,73,62.3,51,47,43.4,40,72,51.8,35,12,5.3,0,29.1,29.1,29,0
2024/05/08,72,61.3,54,53,50.1,42,86,68,46,12,5.8,0,29.1,29,29,0
2024/05/09,77,61.7,56,53,51.6,49,87,71.5,40,10,6.2,0,29.1,29.1,29.1,0
2024/05/10,72,60.9,55,54,52.2,50,87,74.5,51,14,6.8,0,29.1,29.1,29.1,0
2024/05/11,72,61.4,56,54,52.6,51,87,74.7,53,13,6.3,0,29.1,29.1,29,0
2024/05/12,75,62.7,57,56,54.1,53,89,75.2,51,12,5.6,0,29.1,29.1,29,0
2024/05/13,70,61,55,55,54,53,94,78.7,57,12,7.1,3,29.1,29.1,29.1,0
2024/05/14,73,60.9,56,53,52.2,52,90,74.6,49,13,5.6,0,29.1,29.1,29,0
2024/05/15,63,59.4,57,53,52.2,52,83,77.3,67,9,5.1,0,29.1,29.1,29.1,0
2024/05/16,68,60.6,57,53,52.1,51,87,74.3,59,9,4.7,0,29.1,29.1,29.1,0
2024/05/17,68,60.6,57,54,52.9,51,89,76.4,59,8,3.9,0,29.1,29.1,29.1,0
2024/05/18,69,60.2,55,55,52.9,52,93,78,56,13,5.2,0,29.2,29.2,29.1,0
2024/05/19,68,59.4,55,53,51.2,50,93,75.4,55,12,4.6,0,29.2,29.2,29.1,0
2024/05/20,66,58.6,54,52,50,48,94,73.9,56,10,5.1,0,29.2,29.1,29.1,0
2024/05/21,70,60.7,55,52,50.1,49,84,69.2,51,10,5.3,0,29.1,29.1,29.1,0
2024/05/22,71,58.7,53,54,52,50,96,79.5,51,12,5.6,3,29.2,29.1,29.1,0
2024/05/23,66,60.1,57,53,51.2,50,84,73.2,58,8,5.9,3,29.1,29.1,29.1,0
2024/05/24,67,60.1,57,53,51.2,48,83,73.3,57,12,6.5,3,29.1,29.1,29.1,0
2024/05/25,68,58.9,53,51,48.3,47,86,68.9,51,12,6.6,0,29.2,29.1,29.1,0
2024/05/26,69,60.1,54,52,51.1,50,90,73.2,54,8,4.5,0,29.2,29.2,29.1,0
2024/05/27,73,61.4,54,55,52.6,50,97,74.8,51,13,6.1,0,29.2,29.2,29.2,0
2024/05/28,74,60.9,55,55,53.5,53,96,78.5,50,12,6.6,0,29.2,29.2,29.2,0
2024/05/29,72,61.9,56,55,53.5,53,90,75.1,53,14,6,0,29.2,29.2,29.1,0
2024/05/30,75,62.8,56,55,54.1,53,94,75.5,50,14,6.1,0,29.1,29.1,29.1,0
2024/05/31,74,62,56,56,54.9,54,93,78.8,53,13,6,0,29.1,29.1,29,0
2024/06/01,71,60.8,57,55,54.5,53,94,80.9,57,10,5.1,0,29.1,29.1,29.1,0
2024/06/02,70,62,59,54,53,52,83,73.1,55,10,4.2,0,29.1,29.1,29,0
2024/06/03,71,61.9,56,56,53.9,52,90,75.9,57,12,4.5,0,29.1,29.1,29,0
2024/06/04,79,65.4,59,58,56.1,55,87,73.3,48,10,5.1,0,29.1,29,29,0
2024/06/05,83,67.3,60,61,58.5,57,93,75.7,47,13,6.6,0,29.1,29,29,0
2024/06/06,78,68.7,62,61,59.2,58,90,73.5,56,15,6,0,29.1,29,29,0
2024/06/07,76,64,58,60,58.6,58,100,84,55,12,6.2,0,29.1,29.1,29,0
2024/06/08,73,64.4,61,58,57,56,90,77.5,57,12,6.1,0,29.1,29.1,29.1,0
2024/06/09,73,64,60,57,55.8,54,90,75.9,53,10,5.3,0,29.1,29.1,29.1,0
2024/06/10,77,63.1,56,57,55.6,54,97,78.3,50,12,5.3,0,29.1,29.1,29,0
2024/06/11,76,63.3,58,59,56.6,56,97,80.2,54,12,5.7,0,29.1,29.1,29,0
2024/06/12,80,67,60,59,57.4,56,90,73.2,47,10,5.7,0,29.2,29.1,29.1,0
2024/06/13,78,65,58,57,56.1,53,97,75.6,42,10,6.2,0,29.2,29.1,29.1,0
2024/06/14,81,68.1,59,58,56.1,55,93,68.2,43,9,5.6,0,29.1,29.1,29,0
2024/06/15,87,72.9,62,59,55.6,52,80,56.6,35,14,7.8,0,29,29,28.9,0
2024/06/16,79,69.5,61,59,55.2,51,81,61.2,48,13,6.7,0,28.9,28.9,28.9,0
2024/06/17,74,66.2,61,58,56.2,55,84,71.1,53,12,6.4,0,28.9,28.9,28.9,0
2024/06/18,78,65.8,61,58,56.9,55,87,74.5,48,12,6.2,0,29,28.9,28.9,0
2024/06/19,76,66.9,62,58,57.3,57,86,72.3,52,12,6.3,0,29,29,29,0
2024/06/20,80,68.9,60,59,56.1,53,87,65.7,43,12,6.4,0,29,29,28.9,0
2024/06/21,86,72.4,60,57,54.4,51,80,55.7,35,10,4.5,0,29,28.9,28.9,0
2024/06/22,95,78.7,64,57,54.2,51,68,45.6,25,12,4.2,0,29.1,29,29,0
2024/06/23,96,82.3,72,57,51.6,39,57,37.7,14,12,5.4,0,29.1,29.1,29,0
2024/06/24,93,79.1,70,59,53,47,68,42.9,24,13,5.7,0,29.1,29.1,29,0
2024/06/25,86,76,68,59,54,44,73,48.6,25,14,8,3,29.1,29.1,29.1,0
2024/06/26,82,73,64,59,57.9,55,84,60.8,42,10,6.7,0,29.1,29.1,29.1,0
2024/06/27,85,72.9,65,60,57.7,54,78,60,41,12,7.1,0,29.1,29,28.9,0
2024/06/28,82,71.2,63,60,58.4,55,87,65.3,47,13,7.3,3,29,29,29,0
2024/06/29,86,71.6,61,59,56.3,51,87,62.1,31,12,6.5,0,29.1,29.1,29,0
2024/06/30,91,76.1,62,57,53.5,45,81,50.3,23,10,5.6,0,29.1,29.1,29,0
2024/07/01,87,74,62,59,57.2,49,90,58.9,31,12,7.1,0,29.1,29,29,0
2024/07/02,88,72.7,60,60,57.6,54,93,63,31,10,6.3,0,29.1,29,28.9,0
2024/07/03,93,76.8,65,60,58.3,55,81,56.6,29,10,6,0,29.1,29,29,0
2024/07/04,87,74.5,65,61,58.8,56,81,59.7,41,12,6.4,0,29.1,29.1,29.1,0
2024/07/05,93,76.2,66,61,59.1,57,76,58,34,12,6.5,0,29.1,29,28.9,0
2024/07/06,88,75.5,67,65,62.8,61,87,66,44,10,7.2,0,29.1,29,29,0
2024/07/07,88,75,65,63,61.4,58,93,65.5,37,10,6.7,3,29.1,29.1,29,0
2024/07/08,84,73.8,64,63,61.4,59,93,67.5,43,13,6.7,3,29,29,29,0
2024/07/09,91,75.8,64,63,60.8,59,87,62.4,39,10,6.6,3,29,29,29,0
2024/07/10,93,79.1,67,64,61.7,58,79,57.2,37,13,6.7,0,29.1,29,29,0
2024/07/11,94,76.3,68,64,61.5,59,76,61.7,37,10,6.2,0,29.1,29,29,0
2024/07/12,81,70.7,65,64,62.2,60,90,76,52,17,5.9,0,29.1,29.1,29,0
2024/07/13,91,72.4,64,63,60.9,58,90,69.9,34,14,7.3,3,29.2,29.1,29.1,0
2024/07/14,88,73.7,65,63,60.9,57,93,66.5,42,12,6.2,0,29.3,29.2,29.2,0
2024/07/15,87,73.1,64,62,59.9,57,87,65.3,43,12,7.2,0,29.2,29.2,29.1,0.01
2024/07/16,84,73.6,65,61,57.8,53,78,59.1,41,12,6.5,0,29.2,29.1,29.1,0
2024/07/17,88,73.9,65,63,59.2,57,75,61,42,10,6.5,0,29.2,29.1,29.1,0
2024/07/18,87,75.4,68,63,60.5,57,75,60.9,43,13,7.1,3,29.2,29.1,29.1,0
2024/07/19,92,77.1,65,62,59.8,54,84,58.8,32,12,5.1,0,29.2,29.1,29.1,0
2024/07/20,97,82,70,61,54.9,48,71,43.3,19,10,4.8,0,29.1,29.1,29,0
2024/07/21,92,79.1,69,60,56.6,51,73,48.6,27,12,5.8,0,29.1,29.1,29,0
2024/07/22,93,79.3,69,59,56.1,53,65,46.8,27,12,6.3,0,29.1,29,29,0
2024/07/23,92,78.8,70,60,57.1,53,63,48.9,30,13,5.9,0,29.2,29.1,29,0
2024/07/24,92,80,71,59,57.2,50,66,47.3,30,12,5.8,0,29.2,29.2,29.1,0
2024/07/25,95,80.7,71,62,58.6,57,66,48.9,29,13,5.5,0,29.2,29.2,29.1,0
2024/07/26,91,78.6,70,60,56.6,51,63,48.4,25,12,7,0,29.1,29.1,29,0
2024/07/27,85,73.4,65,60,56.1,52,73,56,36,14,7.7,0,29.1,29,29,0
2024/07/28,85,73.1,62,55,50.5,40,72,48.6,20,13,6.3,0,29.1,29.1,29.1,0
2024/07/29,87,73.4,62,56,49.3,37,75,46.9,18,12,5.1,0,29.2,29.1,29.1,0
2024/07/30,87,74.2,62,56,50.3,41,75,47.1,20,12,4.9,0,29.1,29.1,29.1,0
2024/07/31,89,74.8,62,57,53.6,46,80,50.8,28,12,5.5,0,29.1,29.1,29,0
2024/08/01,89,75.6,64,61,57,54,80,55,30,13,6,0,29.2,29.1,29.1,0
2024/08/02,92,80.7,69,61,56.9,51,65,46.1,26,10,5,0,29.2,29.2,29.1,0
2024/08/03,96,81.8,69,58,56,53,68,43.7,23,12,4.7,0,29.2,29.1,29,0
2024/08/04,97,81.8,68,58,55.6,51,70,43.4,24,10,5.4,0,29.1,29,29,0
2024/08/05,101,83.7,70,58,55,47,63,41.1,17,12,5.7,0,29.1,29.1,29,0
2024/08/06,97,80.4,69,61,57.8,55,68,48.3,26,13,6.5,0,29.2,29.1,29.1,0
2024/08/07,89,77.5,71,63,60.6,56,75,57.9,32,13,6.4,0,29.2,29.1,29.1,0
2024/08/08,86,74.5,65,63,59.4,53,93,63.1,33,10,6,0,29.1,29.1,29,0
2024/08/09,91,75.3,64,61,58.4,52,90,59.9,28,12,6.3,0,29.1,29.1,29,0
2024/08/10,95,78,66,60,57,53,78,51.8,28,13,5.7,0,29.1,29.1,29,0
2024/08/11,91,79.3,69,62,59.3,57,68,51.5,35,15,5.2,0,29.1,29.1,29.1,0
2024/08/12,89,79.3,71,60,58,53,68,49.8,31,14,5.3,0,29.1,29.1,29,0
2024/08/13,89,77.2,67,60,57.3,52,76,52.8,29,12,7.1,0,29.1,29.1,29.1,0
2024/08/14,89,76.8,67,61,55.9,51,73,49.9,31,12,5.6,0,29.2,29.1,29.1,0
2024/08/15,89,78.5,68,61,57.3,53,70,50,30,12,5.3,0,29.1,29.1,29,0
2024/08/16,91,77.7,67,64,60.2,55,81,57.3,30,12,6.8,0,29.1,29.1,29,0
2024/08/17,84,72.4,66,64,61.4,56,90,70.5,38,12,6.1,0,29.1,29.1,29.1,0
2024/08/18,86,71.7,63,63,60.3,56,90,70.3,37,10,4.7,0,29.1,29.1,29.1,0
2024/08/19,94,79.1,64,62,52,36,78,43.1,13,10,3.4,0,29.2,29.1,29.1,0
2024/08/20,99,82.2,68,56,43.3,32,53,28.3,10,12,4.5,0,29.1,29.1,29.1,0
2024/08/21,93,78.5,67,56,49.8,37,57,38.6,20,12,5.8,0,29.2,29.1,29.1,0
2024/08/22,84,73.3,65,63,58.5,53,93,62.4,34,13,5.9,0,29.1,29.1,29.1,0
2024/08/23,81,68.7,61,59,56.8,54,86,67.5,40,12,5.8,0,29.2,29.1,29.1,0
2024/08/24,80,69.1,60,57,54.8,52,81,62.1,42,12,5.5,0,29.2,29.2,29.1,0
2024/08/25,82,71,61,58,54.5,52,75,57.5,36,10,4.9,0,29.2,29.2,29.2,0
2024/08/26,88,74.4,63,59,54.8,49,78,52.8,32,13,5.2,0,29.3,29.2,29.1,0
2024/08/27,86,74,65,60,56.8,52,84,57.8,33,9,5.1,0,29.2,29.1,29.1,0
2024/08/28,84,68.7,61,60,57.9,55,93,71.6,39,14,5.3,0,29.2,29.1,29.1,0
2024/08/29,82,67.4,60,59,58.2,56,96,75.1,42,12,5.5,0,29.2,29.2,29.1,0
2024/08/30,82,68.9,60,60,58.6,55,93,71.5,47,13,6.2,0,29.2,29.2,29.1,0
2024/08/31,87,74,63,62,60.1,58,87,63.9,43,10,5,0,29.2,29.1,29.1,0
2024/09/01,89,75.7,66,62,59.8,58,76,59.7,38,13,5.1,0,29.1,29.1,29,0
2024/09/02,94,77.2,67,64,61.7,60,87,61.5,33,12,4.6,0,29.1,29.1,29,0
2024/09/03,101,80.9,69,64,58.9,37,76,52.8,12,12,5.5,0,29.1,29.1,29,0
2024/09/04,106,87.5,70,62,53,44,71,36,13,16,5.6,0,29.1,29.1,29.1,0
2024/09/05,114,94.3,77,57,50.6,42,50,26,10,12,5,0,29.1,29.1,29,0
2024/09/06,113,95.4,79,60,49.9,39,52,23.5,9,12,5,0,29.1,29,29,0
2024/09/07,102,88.2,77,60,57.1,52,56,37.4,19,12,5,0,29,29,28.9,0
2024/09/08,105,92.2,77,57,52.3,46,48,27.8,14,10,4.1,0,29,29,28.9,0
2024/09/09,107,92.6,80,52,45.5,37,35,21.5,9,15,6.3,0,29,29,29,0
2024/09/10,95,81.8,67,57,50,46,70,34.5,21,13,6.1,0,29.1,29,29,0
2024/09/11,79,69,62,58,56.2,54,80,65,44,12,6.3,0,29,29,28.9,0
2024/09/12,76,67.3,62,58,57.1,55,86,70.9,48,12,6.2,3,28.9,28.9,28.9,0
2024/09/13,77,68,64,60,58.1,55,87,71.6,50,13,5.7,0,29,29,28.9,0
2024/09/14,78,67.4,63,60,57.8,56,90,72.6,48,12,5.9,0,29.1,29,29,0
2024/09/15,73,65.8,62,59,56.6,54,90,72.8,53,10,5.3,0,29.1,29.1,29,0
2024/09/16,71,64.7,60,56,52.1,38,80,65.6,31,14,7.2,3,29.1,29,29,0
2024/09/17,73,64.2,55,52,49,46,80,59.2,41,9,4.7,0,29.2,29.1,29.1,0
2024/09/18,74,64.8,57,55,51.9,48,78,64,46,12,5,0,29.1,29,29,0
2024/09/19,71,64.9,61,56,55.1,53,83,71.2,55,9,4.4,0,29.1,29.1,29,0
2024/09/20,73,65.6,60,57,55.5,54,90,71.1,53,13,4.8,0,29.1,29.1,29,0
2024/09/21,74,64.9,59,57,56.2,55,90,74.5,53,9,4.2,0,29.1,29.1,29.1,0
2024/09/22,81,66.6,58,59,58,56,100,76.1,47,9,4.1,0,29.1,29.1,29,0
2024/09/23,90,66.1,0,60,56.9,0,100,74,0,13,4.9,0,29.1,29,28.9,0
2024/09/24,85,61,0,60,54.6,0,93,74.4,0,13,4.2,0,29,29,28.9,0
2024/09/25,78,64.7,60,59,57.6,55,93,79.4,52,10,4.3,0,29.1,29,29,0
2024/09/26,81,66.8,57,58,56,53,89,70,44,9,3.8,0,29.1,29,29,0
2024/09/27,80,61,0,57,52.5,0,100,69.6,0,10,5.2,0,29.1,29,29,0
2024/09/28,82,63.4,55,56,55.3,51,100,79,36,9,4.4,0,29.1,29,29,0
2024/09/29,83,65.2,54,57,52.2,42,100,69.7,24,10,3.2,0,29.1,29.1,29,0
2024/09/30,94,73.3,58,59,51.1,44,80,50.4,21,9,3.1,0,29.1,29,29,0
2024/10/01,98,75.4,62,60,56.3,49,80,56.5,20,10,3.7,0,29.1,29.1,29,0
2024/10/02,95,78.5,65,60,56.6,51,81,51.5,26,12,4.9,0,29.1,29,28.9,0
2024/10/03,91,74.8,65,62,59.7,56,90,62.6,34,10,5.5,0,29,29,28.9,0
2024/10/04,93,72.1,63,62,60.7,56,93,71.7,32,10,4.2,0,29.1,29.1,29,0
2024/10/05,91,72.6,63,62,60.8,58,97,70.7,33,10,4.9,0,29.2,29.1,29.1,0
2024/10/06,94,70.7,60,61,59.8,57,100,74.1,29,9,3.9,0,29.2,29.1,29,0
2024/10/07,92,75.8,66,60,58,52,78,57.8,27,12,4.1,0,29.1,29.1,29,0
2024/10/08,89,73.7,62,59,53.2,44,84,53.9,22,10,4,0,29.1,29,29,0
2024/10/09,87,68.9,60,59,55.6,47,93,66.7,29,9,5.3,0,29.1,29.1,29.1,0
2024/10/10,85,67.6,58,59,55.7,46,97,70.9,29,12,4.1,0,29.2,29.2,29.1,0
2024/10/11,87,73,61,57,47.9,37,73,45.2,17,12,3.3,0,29.2,29.2,29.2,0
2024/10/12,83,69.2,57,58,47.6,38,86,48.4,28,10,4.3,0,29.3,29.2,29.2,0
2024/10/13,77,62.2,55,57,54.8,47,100,79.1,46,10,4.5,0,29.2,29.2,29.1,0
2024/10/14,75,62.8,58,57,55.6,53,97,79,46,8,4,0,29.3,29.2,29.2,0
2024/10/15,73,62.3,59,57,56.3,55,93,81.7,55,9,3.7,0,29.2,29.2,29.1,0
2024/10/16,65,62.1,60,57,56.1,54,90,80.5,73,8,3.7,0,29.2,29.1,29.1,0
2024/10/17,69,63.3,61,57,55.5,54,84,76,58,10,4.4,0,29.1,29,29,0
2024/10/18,80,68.4,57,55,19.6,-1,87,24.5,4,23,9.5,0,29.2,29.1,29,0
2024/10/19,79,68.5,58,29,21.7,14,30,17.5,12,12,5.1,0,29.3,29.2,29.2,0
2024/10/20,83,68.3,54,36,33,28,47,29.1,17,9,3.3,0,29.3,29.3,29.2,0
2024/10/21,85,70.8,56,38,35.4,32,49,29.3,16,10,3.4,0,29.3,29.2,29.2,0
2024/10/22,89,72.9,57,46,38.9,35,51,31.3,16,8,2.6,0,29.2,29.2,29.1,0
2024/10/23,90,72.8,58,49,41.6,36,51,35.1,16,9,2.9,0,29.2,29.2,29.1,0
2024/10/24,83,69.9,58,49,42.6,38,52,38.9,21,10,3.6,0,29.2,29.1,29,0
2024/10/25,82,67.7,56,53,43.9,40,70,44.4,23,10,3.1,0,29.2,29.2,29.1,0
2024/10/26,86,68.6,54,54,43.6,36,70,43.9,19,10,2.2,0,29.2,29.2,29.2,0
2024/10/27,80,68.6,59,56,47.9,40,75,49.2,29,9,3.5,0,29.2,29.2,29.1,0
2024/10/28,68,62.9,56,58,52.9,40,90,70.7,46,15,6.8,0,29.1,29.1,29,0
2024/10/29,69,59.8,53,45,37.5,30,74,46.2,25,16,8.4,0,29.2,29.1,29.1,0
2024/10/30,72,59.3,48,43,35.8,29,68,44.6,20,10,3.2,0,29.3,29.3,29.2,0
2024/10/31,70,58.2,47,40,32.2,27,56,39.3,21,10,3.9,0,29.3,29.2,29.2,0
2024/11/01,69,58.2,48,48,37.8,32,75,48,32,9,2.7,0,29.2,29.1,29.1,0
2024/11/02,64,57.2,51,56,50.4,42,97,78.8,56,14,3.6,0,29.2,29.1,29.1,0
2024/11/03,74,62.6,53,51,36.5,26,93,40.7,17,20,11.7,0,29.1,29,29,0.05
2024/11/04,74,63.4,53,33,28.6,24,39,27.8,19,10,5,0,29.3,29.2,29.2,0
2024/11/05,75,61,48,52,35.4,25,83,41.8,18,10,2.7,0,29.2,29.1,29,0
2024/11/06,74,62.4,51,46,18.1,-3,80,28.7,6,30,8.2,0,29.2,29.1,29,0
2024/11/07,72,60,47,26,17.7,7,38,20.6,10,10,4.1,0,29.3,29.3,29.2,0
2024/11/08,74,58.7,45,23,19,13,40,23.5,10,8,2.3,0,29.3,29.3,29.2,0
2024/11/09,76,60.1,46,29,24.5,20,44,28.1,13,8,2.3,0,29.2,29.1,29.1,0
2024/11/10,79,61.3,48,38,29.3,24,46,32.4,13,8,2.3,0,29.2,29.2,29.1,0
2024/11/11,70,58.1,46,52,39.2,29,81,52.8,23,12,3.5,0,29.2,29.2,29.1,0
2024/11/12,71,60.8,55,40,32.3,20,47,35.3,21,18,8.3,0,29.3,29.2,29.2,0
2024/11/13,77,61.6,48,28,22.3,17,41,24.3,11,9,2.5,0,29.3,29.2,29.2,0
2024/11/14,72,57.9,47,51,37.3,27,86,51.6,19,13,6.4,0,29.2,29.1,29,0
2024/11/15,63,54.8,49,49,41.6,27,86,64.4,32,16,5.6,0,29.1,29,29,0
2024/11/16,67,55.1,46,30,27.1,22,54,36,18,15,6.8,0,29.1,29.1,29.1,0
2024/11/17,71,56,45,38,26.9,7,55,35.7,8,10,3.7,0,29.2,29.1,29.1,0
2024/11/18,63,53.3,42,46,33.5,20,69,48.5,25,10,3.4,0,29.2,29.1,29.1,0
2024/11/19,69,55.8,43,39,29,22,76,41.1,17,6,1.5,0,29.3,29.2,29.2,0
2024/11/20,73,57.4,43,30,24,22,49,29.8,15,8,1.8,0,29.4,29.3,29.3,0
2024/11/21,77,58.1,43,29,22.5,12,47,28.1,8,7,1.6,0,29.4,29.3,29.2,0
2024/11/22,74,57.2,43,47,26.8,17,72,35.1,14,8,2.6,0,29.3,29.2,29.1,0
2024/11/23,59,54.2,44,54,45.4,32,96,72.8,54,8,2.8,0,29.2,29.2,29.1,0
2024/11/24,63,54.4,0,55,48.3,0,97,78.1,0,8,2.2,0,29.3,29.2,29.2,0
2024/11/25,66,57.3,48,46,44.4,42,83,63.5,45,5,1.5,0,29.4,29.3,29.3,0
2024/11/26,65,46.9,0,59,41.6,0,100,62.5,0,10,3.9,0,29.3,29.3,29.2,0
2024/11/27,68,38.8,0,57,34.7,0,93,51,0,12,3.1,0,29.2,29.2,29.1,0.04
2024/11/28,73,60.9,50,53,34.1,17,93,45.1,17,8,1.7,0,29.3,29.2,29.1,0
2024/11/29,68,57.6,49,27,22.6,18,41,27,15,9,3.3,0,29.3,29.2,29.2,0
2024/11/30,76,62,49,31,20.8,11,33,22.1,9,9,4,0,29.3,29.2,29.2,0
2024/12/01,75,62.1,52,32,26.7,21,43,27.5,14,8,2.3,0,29.3,29.3,29.2,0
2024/12/02,75,58.7,47,39,30,21,50,36.1,13,7,1.6,0,29.3,29.3,29.2,0
2024/12/03,69,56.3,48,50,37.6,29,80,51.9,31,7,2.4,0,29.3,29.3,29.2,0
2024/12/04,65,50.7,0,49,45.4,0,100,81.2,0,7,1.3,0,29.4,29.3,29.3,0
2024/12/05,67,54.3,44,49,44.7,38,89,71.6,47,9,2.6,0,29.3,29.3,29.2,0
2024/12/06,79,63.5,47,44,33,17,86,38.7,15,13,4.1,0,29.3,29.2,29.2,0
2024/12/07,79,62,48,27,23.2,20,36,24.3,11,8,2.8,0,29.3,29.3,29.2,0
2024/12/08,70,55.8,45,51,36.4,23,100,53.9,21,8,4,0,29.3,29.2,29.2,0
2024/12/09,69,54.6,46,50,40.4,0,96,64.6,7,22,4.1,0,29.4,29.3,29.2,0
2024/12/10,71,57.4,44,34,17.3,9,50,24.4,9,7,3.2,0,29.5,29.4,29.4,0
2024/12/11,71,55.3,42,13,7.8,3,28,16.3,7,8,3.9,0,29.4,29.3,29.1,0
2024/12/12,59,49.7,41,48,31.3,10,86,53.4,24,14,3.6,0,29.2,29.1,29.1,0
2024/12/13,61,50.8,41,47,41.8,35,86,72.3,52,8,2.8,0,29.4,29.3,29.2,0
2024/12/14,64,53.1,43,48,42.6,38,83,69.2,43,12,2.7,0,29.4,29.3,29.3,0
2024/12/15,64,52,41,44,38.1,31,86,61.2,34,8,3.6,0,29.4,29.3,29.3,0
2024/12/16,72,55.8,44,43,31.1,20,64,42.7,14,7,2.1,0,29.3,29.3,29.2,0
2024/12/17,76,59.7,46,41,32.6,24,61,39.6,16,8,2.8,0,29.3,29.3,29.2,0
2024/12/18,82,71.4,57,31,27.2,24,32,20.5,12,7,2.6,0,29.3,29.3,29.2,0
2024/12/19,81,64.3,52,39,29,23,49,29.4,12,6,2,0,29.3,29.3,29.2,0
2024/12/20,72,58.2,47,48,36.1,29,80,47,24,9,2.2,0,29.4,29.3,29.3,0
2024/12/21,69,56.3,46,50,37.5,29,80,51.3,27,7,2,0,29.4,29.3,29.3,0
2024/12/22,66,56.5,48,50,40.5,34,80,56.5,40,6,2.1,0,29.3,29.3,29.2,0
2024/12/23,69,56.4,48,51,47.1,44,97,72.9,45,7,2.4,0,29.3,29.3,29.2,0
2024/12/24,58,55.1,51,54,48.9,35,96,80.8,44,18,6.3,0,29.3,29.2,29.2,0
2024/12/25,63,55.9,50,46,37.8,30,77,51.5,35,10,5.4,0,29.3,29.2,29.2,0
2024/12/26,64,55.6,48,47,39.6,32,80,56.1,41,10,4.7,0,29.3,29.2,29.2,0
2024/12/27,61,53.7,46,53,48.7,43,97,83.7,69,9,3.7,0,29.3,29.2,29.2,0
2024/12/28,64,54.4,49,51,49.5,46,93,84.2,58,9,2.3,0,29.3,29.3,29.2,0
2024/12/29,63,52.1,44,50,46.5,39,93,81.7,58,13,4.4,0,29.3,29.3,29.3,0
2024/12/30,65,52.6,47,49,46.6,40,97,81.5,50,8,4.6,0,29.3,29.2,29.2,0
2024/12/31,63,48.4,42,48,43.5,35,100,84.9,48,9,2,0,29.3,29.2,29.2,0